도시,구,동,위도,경도
대구광역시,남구,봉덕1동,35.846676,128.593345
대구광역시,남구,봉덕1동,35.847323,128.593978
대구광역시,남구,봉덕2동,35.843606,128.601056
대구광역시,남구,봉덕3동,35.842192,128.600187
대구광역시,남구,봉덕3동,35.838799,128.594886
대구광역시,남구,이천동,35.856074,128.595491
대구광역시,남구,대명1동,35.842506,128.579617
대구광역시,남구,대명1동,35.844235,128.575717
대구광역시,남구,대명1동,35.840894,128.577468
대구광역시,남구,대명2동,35.853063,128.592623
대구광역시,남구,대명2동,35.852397,128.592138
대구광역시,남구,대명2동,35.852338,128.592938
대구광역시,남구,대명2동,35.855573,128.588062
대구광역시,남구,대명3동,35.852028,128.578877
대구광역시,남구,대명3동,35.850363,128.580799
대구광역시,남구,대명3동,35.853722,128.583516
대구광역시,남구,대명3동,35.855779,128.584163
대구광역시,남구,대명4동,35.848159,128.570632
대구광역시,남구,대명4동,35.844713,128.568175
대구광역시,남구,대명5동,35.844954,128.586239
대구광역시,남구,대명6동,35.838987,128.566123
대구광역시,남구,대명6동,35.836956,128.568174
대구광역시,남구,대명6동,35.837593,128.564848
대구광역시,남구,대명9동,35.836219,128.583511
대구광역시,남구,대명9동,35.837334,128.583092
대구광역시,남구,대명9동,35.837569,128.582152
대구광역시,남구,대명9동,35.837035,128.579982
대구광역시,남구,대명10동,35.840598,128.567641
대구광역시,남구,대명11동,35.837035,128.559179
대구광역시,남구,대명11동,35.837548,128.561248
대구광역시,남구,대명11동,35.833766,128.564783
대구광역시,남구,봉덕동,35.845621,128.59726
대구광역시,남구,봉덕동,35.845621,128.59726
대구광역시,남구,대명4동,35.84592,128.569506
대구광역시,남구,대명4동,35.84592,128.569506
대구광역시,남구,봉덕동,35.845621,128.59726
대구광역시,남구,봉덕동,35.845621,128.59726
대구광역시,남구,대명4동,35.84592,128.569506
대구광역시,남구,대명4동,35.84592,128.569506
대구광역시,남구,봉덕동,35.845621,128.59726
대구광역시,남구,봉덕동,35.845621,128.59726
대구광역시,남구,대명4동,35.84592,128.569506
대구광역시,남구,대명4동,35.84592,128.569506
대구광역시,남구,봉덕동,35.845621,128.59726
대구광역시,남구,봉덕동,35.845621,128.59726
대구광역시,남구,대명4동,35.84592,128.569506
대구광역시,남구,대명4동,35.84592,128.569506
대구광역시,남구,봉덕동,35.845621,128.59726
대구광역시,남구,대명4동,35.84592,128.569506
대구광역시,남구,대명4동,35.84592,128.569506
대구광역시,남구,봉덕동,35.845621,128.59726
대구광역시,남구,봉덕동,35.845621,128.59726
대구광역시,남구,대명4동,35.84592,128.569506
대구광역시,남구,대명4동,35.84592,128.569506
대구광역시,남구,봉덕동,35.845621,128.59726
대구광역시,남구,봉덕동,35.845621,128.59726
대구광역시,남구,대명4동,35.84592,128.569506
대구광역시,남구,대명4동,35.84592,128.569506
대구광역시,남구,봉덕동,35.845621,128.59726
대구광역시,남구,봉덕동,35.845621,128.59726
대구광역시,남구,대명4동,35.84592,128.569506
대구광역시,남구,대명4동,35.84592,128.569506
대구광역시,남구,봉덕동,35.845621,128.59726
대구광역시,남구,봉덕동,35.845621,128.59726
대구광역시,남구,대명4동,35.84592,128.569506
대구광역시,남구,대명4동,35.84592,128.569506
대구광역시,남구,봉덕동,35.845621,128.59726
대구광역시,남구,봉덕동,35.845621,128.59726
대구광역시,남구,대명4동,35.84592,128.569506
대구광역시,남구,대명4동,35.84592,128.569506
대구광역시,중구,남산1동,35.858347,128.590376
대구광역시,중구,성내2동,35.871766,128.590481
대구광역시,중구,동,35.868517,128.601224
대구광역시,중구,성내2동,35.871828,128.591212
대구광역시,중구,성내3동,35.872736,128.577728
대구광역시,중구,성내2동,35.868177,128.589841
대구광역시,중구,동,35.867979,128.602923
대구광역시,중구,성내2동,35.873368,128.59418
대구광역시,달서구,갈산동,35.84201191,128.4945762
대구광역시,달서구,갈산동,35.84883245,128.512343
대구광역시,달서구,대천동,35.83004681,128.4934613
대구광역시,달서구,파호동,35.84139172,128.4763516
대구광역시,달서구,호산동,35.84057817,128.4814498
대구광역시,달서구,갈산동,35.84883245,128.512343
대구광역시,달서구,두류동,35.857225,128.5712889
대구광역시,달서구,본리동,35.83954722,128.5297917
대구광역시,달서구,호산동,35.85149444,128.4880278
대구광역시,달서구,송현1동,35.82428889,128.5492028
대구광역시,달서구,진천동,35.80910278,128.5222917
대구광역시,달서구,상인2동,35.81447222,128.5328694
대구광역시,달서구,감삼동,35.85645,128.5465111
대구광역시,달서구,감삼동,35.85557778,128.5452
대구광역시,달서구,감삼동,35.85550556,128.5419667
대구광역시,달서구,감삼동,35.85486389,128.5418778
대구광역시,달서구,감삼동,35.85349444,128.5422
대구광역시,달서구,감삼동,35.85403056,128.5445
대구광역시,달서구,감삼동,35.85160278,128.5451333
대구광역시,달서구,감삼동,35.85145,128.5443333
대구광역시,달서구,감삼동,35.8515764,128.5425006
대구광역시,달서구,감삼동,35.84938889,128.5399806
대구광역시,달서구,감삼동,35.8470264,128.5445244
대구광역시,달서구,감삼동,35.84730833,128.5423444
대구광역시,달서구,감삼동,35.84619167,128.543425
대구광역시,달서구,감삼동,35.84477222,128.5436111
대구광역시,달서구,감삼동,35.84550278,128.5406694
대구광역시,달서구,죽전동,35.85673611,128.5401333
대구광역시,달서구,죽전동,35.85433889,128.5383806
대구광역시,달서구,죽전동,35.85231944,128.5409222
대구광역시,달서구,감삼동,35.85496944,128.5469778
대구광역시,달서구,감삼동,35.85532778,128.5437667
대구광역시,달서구,감삼동,35.85404444,128.5418556
대구광역시,달서구,감삼동,35.85326111,128.5425556
대구광역시,달서구,용산1동,35.86031389,128.5269028
대구광역시,달서구,용산동,35.85766389,128.522825
대구광역시,달서구,죽전동,35.85136667,128.5350472
대구광역시,달서구,죽전동,35.85773611,128.5366361
대구광역시,달서구,죽전동,35.8531042,128.5348128
대구광역시,달서구,죽전동,35.85550833,128.5401333
대구광역시,달서구,죽전동,35.85237222,128.5351028
대구광역시,달서구,죽전동,35.8551358,128.5345329
대구광역시,달서구,감삼동,35.85219722,128.5443222
대구광역시,달서구,감삼동,35.85300278,128.5476667
대구광역시,달서구,감삼동,35.85040833,128.5462778
대구광역시,달서구,감삼동,35.8497039,128.5451995
대구광역시,달서구,감삼동,35.84751111,128.5382611
대구광역시,달서구,감삼동,35.84676944,128.5400028
대구광역시,달서구,감삼동,35.8478,128.5436361
대구광역시,달서구,두류2동,35.85906667,128.5697778
대구광역시,달서구,두류동,35.8514898,128.5523678
대구광역시,달서구,두류3동,35.85318611,128.5506444
대구광역시,달서구,성당1동,35.84042222,128.5536111
대구광역시,달서구,성당동,35.84159167,128.5515667
대구광역시,달서구,신당동,35.85975833,128.4971722
대구광역시,달서구,신당동,35.85273889,128.4939833
대구광역시,달서구,용산동,35.86084722,128.5235806
대구광역시,달서구,이곡1동,35.8493463,128.5124526
대구광역시,달서구,이곡2동,35.86071944,128.5045028
대구광역시,달서구,장기동,35.84809722,128.5196472
대구광역시,달서구,죽전동,35.85428333,128.5394806
대구광역시,달서구,죽전동,35.85163056,128.5391028
대구광역시,달서구,송현2동,35.83198611,128.5472361
대구광역시,달서구,송현1동,35.82845833,128.5569222
대구광역시,달서구,송현2동,35.83653333,128.5555444
대구광역시,달서구,송현2동,35.83271944,128.5521222
대구광역시,달서구,송현동,35.82613056,128.5518
대구광역시,달서구,진천동,35.81037222,128.5319806
대구광역시,달서구,진천동,35.81444167,128.5288361
대구광역시,달서구,대곡동,35.80666667,128.5194389
대구광역시,달서구,대천동,35.82481389,128.5132167
대구광역시,달서구,상인2동,35.81043611,128.5345694
대구광역시,달서구,상인2동,35.81332222,128.5342917
대구광역시,달서구,상인1동,35.81519722,128.5482028
대구광역시,달서구,호산동,35.85635556,128.4791611
대구광역시,달서구,죽전동,35.85795833,128.5390111
대구광역시,달서구,죽전동,35.85530278,128.5383917
대구광역시,달서구,용산동,35.8544,128.5335139
대구광역시,달서구,성당동,35.84862222,128.5490556
대구광역시,달서구,성당2동,35.84717222,128.5480556
대구광역시,달서구,성당2동,35.84521944,128.5494889
대구광역시,달서구,용산동,35.85766944,128.525125
대구광역시,달서구,용산동,35.85646667,128.5252361
대구광역시,달서구,용산동,35.85586389,128.5244694
대구광역시,달서구,호산동,35.85183056,128.4848611
대구광역시,달서구,호산동,35.85078333,128.4833278
대구광역시,달서구,신당동,35.857525,128.4926722
대구광역시,달서구,송현2동,35.83629722,128.5507
대구광역시,달서구,본동,35.83541944,128.5388694
대구광역시,달서구,본동,35.835801,128.5296919
대구광역시,달서구,송현2동,35.83035278,128.5499889
대구광역시,달서구,본동,35.83615556,128.5338917
대구광역시,달서구,송현1동,35.83069167,128.5571444
대구광역시,달서구,송현1동,35.8234,128.5526889
대구광역시,달서구,진천동,35.81196389,128.5322472
대구광역시,달서구,진천동,35.81098611,128.5297472
대구광역시,달서구,진천동,35.81029444,128.5253472
대구광역시,달서구,유천동,35.81234167,128.5166722
대구광역시,달서구,대곡동,35.80763889,128.5115722
대구광역시,달서구,월성동,35.82761389,128.5238806
대구광역시,달서구,상인3동,35.81006944,128.5497917
대구광역시,달서구,도원동,35.80705833,128.5441583
대구광역시,달서구,상인2동,35.80975278,128.540825
대구광역시,달서구,상인2동,35.80931389,128.5462583
대구광역시,달서구,상인2동,35.81575556,128.5374028
대구광역시,달서구,상인1동,35.81672222,128.5461028
대구광역시,달서구,상인동,35.81714167,128.5371361
대구광역시,달서구,두류동,35.85937222,128.5711778
대구광역시,달서구,성당동,35.84161944,128.5501
대구광역시,달서구,성당동,35.84283056,128.5508
대구광역시,달서구,성당동,35.8482499,128.5471504
대구광역시,달서구,본리동,35.83757778,128.5301917
대구광역시,달서구,용산동,35.8597979,128.5241725
대구광역시,달서구,장기동,35.85036944,128.5238583
대구광역시,달서구,장기동,35.84187778,128.5292917
대구광역시,달서구,신당동,35.85712778,128.4992389
대구광역시,달서구,호산동,35.85180278,128.4833389
대구광역시,달서구,호산동,35.85077,128.488404
대구광역시,달서구,감삼동,35.844825,128.5382694
대구광역시,달서구,감삼동,35.844769,128.5400526
대구광역시,달서구,본리동,35.84043333,128.533925
대구광역시,달서구,본리동,35.8392246,128.5333645
대구광역시,달서구,장기동,35.842506,128.5360758
대구광역시,달서구,죽전동,35.85441944,128.5349611
대구광역시,달서구,상인동,35.81311667,128.5407806
대구광역시,달서구,상인동,35.81051667,128.5477472
대구광역시,달서구,상인3동,35.81063611,128.5492806
대구광역시,달서구,상인동,35.80738611,128.5544139
대구광역시,달서구,본동,35.83395556,128.5299694
대구광역시,달서구,송현동,35.82273056,128.5497694
대구광역시,달서구,송현1동,35.82475556,128.5506444
대구광역시,달서구,월성동,35.82488611,128.533225
대구광역시,달서구,대천동,35.82027222,128.5219583
대구광역시,달서구,진천동,35.81077778,128.5288139
대구광역시,달서구,진천동,35.80922778,128.51975
대구광역시,달서구,진천동,35.816525,128.527425
대구광역시,달서구,두류동,35.85669444,128.5568556
대구광역시,달서구,성당동,35.85240833,128.5696889
대구광역시,달서구,장기동,35.84771111,128.5151361
대구광역시,달서구,장기동,35.8493474,128.5193146
대구광역시,달서구,신당동,35.86008056,128.4951833
대구광역시,달서구,이곡동,35.85312778,128.50205
대구광역시,달서구,감삼동,35.84860833,128.5383361
대구광역시,달서구,본리동,35.83931389,128.5358806
대구광역시,달서구,상인2동,35.81015556,128.5401806
대구광역시,달서구,상인1동,35.81645,128.5490583
대구광역시,달서구,송현2동,35.8344313,128.5527078
대구광역시,달서구,송현2동,35.83160556,128.5511667
대구광역시,달서구,송현2동,35.8280843,128.545977
대구광역시,달서구,진천동,35.81182222,128.5293917
대구광역시,달서구,월성동,35.83152222,128.5264917
대구광역시,달서구,송현동,35.83478889,128.5546556
대구광역시,달서구,송현1동,35.82682778,128.5489806
대구광역시,달서구,본동,35.83593611,128.5320389
대구광역시,달서구,상인동,35.81642778,128.5478806
대구광역시,달서구,도원동,35.8070103,128.5452353
대구광역시,달서구,진천동,35.81287222,128.5280694
대구광역시,달서구,진천동,35.81128889,128.5228694
대구광역시,달서구,성당동,35.839987,128.556682
대구광역시,달서구,성당동,35.83971944,128.5561556
대구광역시,달서구,이곡동,35.8493488,128.5079616
대구광역시,달서구,이곡동,35.8494522,128.5148746
대구광역시,달서구,이곡동,35.86165278,128.5023278
대구광역시,달서구,신당동,35.85815,128.4975944
대구광역시,달서구,두류동,35.85637778,128.5732972
대구광역시,달서구,성당동,35.8511628,128.5722945
대구광역시,달서구,상인동,35.8211994,128.5314406
대구광역시,달서구,상인동,35.82230278,128.5321694
대구광역시,달서구,상인동,35.81105278,128.5477917
대구광역시,달서구,도원동,35.805675,128.531425
대구광역시,달서구,도원동,35.80493611,128.5319472
대구광역시,달서구,상인동,35.81393611,128.5395806
대구광역시,달서구,상인동,35.81340833,128.5411806
대구광역시,달서구,상인동,35.80724167,128.5511028
대구광역시,달서구,송현동,35.82356667,128.5504806
대구광역시,달서구,송현동,35.82433611,128.5526556
대구광역시,달서구,송현동,35.8276129,128.544202
대구광역시,달서구,송현동,35.82715278,128.5465028
대구광역시,달서구,월성동,35.8240888,128.5211202
대구광역시,달서구,월성동,35.83268889,128.5253361
대구광역시,달서구,대곡동,35.80648056,128.5237361
대구광역시,달서구,대곡동,35.80642778,128.5236917
대구광역시,달서구,진천동,35.81606944,128.5277694
대구광역시,달서구,진천동,35.81742222,128.5294139
대구광역시,달서구,유천동,35.81220833,128.5130722
대구광역시,달서구,월성동,35.82391667,128.5277806
대구광역시,달서구,진천동,35.81044167,128.5289917
대구광역시,달서구,진천동,35.81088333,128.5269361
대구광역시,달서구,진천동,35.81030833,128.5198833
대구광역시,달서구,진천동,35.81028333,128.5198167
대구광역시,달서구,용산동,35.85565278,128.5316583
대구광역시,달서구,용산동,35.85328333,128.5331583
대구광역시,달서구,죽전동,35.85674167,128.5384028
대구광역시,달서구,신당동,35.85330833,128.4946833
대구광역시,달서구,신당동,35.85221389,128.4953833
대구광역시,달서구,신당동,35.8587,128.4958833
대구광역시,달서구,신당동,35.85619722,128.4954278
대구광역시,달서구,호산동,35.85077222,128.4842167
대구광역시,달서구,호산동,35.84975,128.4821722
대구광역시,달서구,두류동,35.86008333,128.5740972
대구광역시,달서구,두류동,35.86145278,128.5719306
대구광역시,달서구,두류동,35.8542616,128.5730217
대구광역시,달서구,두류동,35.85328333,128.5711444
대구광역시,달서구,두류동,35.85566944,128.5582333
대구광역시,달서구,두류동,35.85449167,128.5561778
대구광역시,달서구,본리동,35.8404,128.5346806
대구광역시,달서구,본리동,35.838125,128.5351556
대구광역시,달서구,성당동,35.84622778,128.5507333
대구광역시,달서구,성당동,35.84408611,128.5494222
대구광역시,달서구,이곡동,35.86116667,128.5143139
대구광역시,달서구,이곡동,35.86109722,128.5143472
대구광역시,달서구,용산동,35.85719167,128.518025
대구광역시,달서구,이곡동,35.85727778,128.5142139
대구광역시,달서구,이곡동,35.85102222,128.5088806
대구광역시,달서구,이곡동,35.85058056,128.5078806
대구광역시,달서구,이곡동,35.85062778,128.5114917
대구광역시,달서구,호산동,35.8537327,128.4781051
대구광역시,달서구,신당동,35.85756944,128.49225
대구광역시,달서구,신당동,35.8562,128.4921833
대구광역시,달서구,파호동,35.85273333,128.4761722
대구광역시,달서구,장기동,35.84325,128.5293806
대구광역시,달서구,용산동,35.86154,128.524663
대구광역시,달서구,유천동,35.81208333,128.51115
대구광역시,달서구,유천동,35.81201667,128.5111833
대구광역시,달서구,월성동,35.83070556,128.5271139
대구광역시,달서구,송현동,35.82896389,128.5456139
대구광역시,달서구,상인3동,35.80693611,128.5499472
대구광역시,달서구,진천동,35.81148333,128.5283361
대구광역시,달서구,진천동,35.81554444,128.5285028
대구광역시,달서구,월성동,35.82693889,128.5313361
대구광역시,달서구,송현1동,35.82555833,128.5527444
대구광역시,달서구,송현동,35.82259167,128.5522
대구광역시,달서구,본동,35.83451111,128.5338583
대구광역시,달서구,본동,35.835175,128.5466111
대구광역시,달서구,도원동,35.80786111,128.5316694
대구광역시,달서구,도원동,35.8041,128.535625
대구광역시,달서구,송현동,35.82084722,128.5503028
대구광역시,달서구,도원동,35.80568333,128.5425361
대구광역시,달서구,월성동,35.82013889,128.5233139
대구광역시,달서구,월성동,35.83131111,128.5311139
대구광역시,달서구,월성동,35.82892222,128.5221472
대구광역시,달서구,월성동,35.8291094,128.521751
대구광역시,달서구,상인동,35.81599444,128.5428806
대구광역시,달서구,송현동,35.82473333,128.5440694
대구광역시,달서구,송현동,35.8275194,128.5440866
대구광역시,달서구,성당동,35.84424722,128.5523333
대구광역시,달서구,성당동,35.84519444,128.5512889
대구광역시,달서구,성당동,35.84370833,128.5508
대구광역시,달서구,신당동,35.85356389,128.4969278
대구광역시,달서구,신당동,35.85819722,128.4956833
대구광역시,달서구,신당동,35.85914444,128.49415
대구광역시,달서구,신당동,35.85821389,128.4959056
대구광역시,달서구,신당동,35.857525,128.4963056
대구광역시,달서구,신당동,35.85664444,128.4958278
대구광역시,달서구,성당동,35.84826111,128.5458
대구광역시,달서구,본리동,35.84344722,128.5394694
대구광역시,달서구,본리동,35.83977778,128.5467778
대구광역시,달서구,이곡동,35.85101389,128.5137028
대구광역시,달서구,용산동,35.85246944,128.5178806
대구광역시,달서구,이곡동,35.85734167,128.5022611
대구광역시,달서구,용산동,35.86086389,128.5306028
대구광역시,달서구,이곡동,35.857125,128.512825
대구광역시,달서구,장기동,35.84394444,128.5283917
대구광역시,달서구,장기동,35.84508056,128.532425
대구광역시,달서구,용산동,35.854125,128.5264694
대구광역시,달서구,장기동,35.84988889,128.5237472
대구광역시,달서구,호산동,35.84861389,128.4780833
대구광역시,달서구,감삼동,35.84957778,128.5448778
대구광역시,달서구,상인동,35.813925,128.5492694
대구광역시,달서구,상인동,35.81523611,128.5365583
대구광역시,달서구,송현1동,35.82828611,128.5535111
대구광역시,달서구,송현1동,35.82584167,128.5494361
대구광역시,달서구,진천동,35.81023056,128.5201056
대구광역시,달서구,진천동,35.81305,128.5229139
대구광역시,달서구,본동,35.83545833,128.5320472
대구광역시,달서구,진천동,35.80818,128.52189
대구광역시,달서구,두류동,35.857975,128.5626222
대구광역시,달서구,두류동,35.85681944,128.5611444
대구광역시,달서구,두류동,35.85274722,128.5535667
대구광역시,달서구,성당동,35.84698333,128.5460667
대구광역시,달서구,두류동,35.85804167,128.5650889
대구광역시,달서구,성당동,35.84005,128.5487556
대구광역시,달서구,두류동,35.85533333,128.5683333
대구광역시,달서구,호산동,35.85078056,128.4868167
대구광역시,달서구,성당동,35.8416,128.5535556
대구광역시,달서구,상인동,35.81485833,128.5384472
대구광역시,달서구,송현동,35.83021389,128.5589
대구광역시,달서구,도원동,35.80675833,128.5419472
대구광역시,달서구,상인1동,35.8182802,128.5438517
대구광역시,달서구,상인1동,35.8210489,128.5468337
대구광역시,달서구,상인1동,35.81774167,128.546125
대구광역시,달서구,송현1동,35.82931667,128.5543556
대구광역시,달서구,송현동,35.830775,128.5472917
대구광역시,달서구,송현동,35.82666389,128.5562222
대구광역시,달서구,대곡동,35.8075,128.5093389
대구광역시,달서구,감삼동,35.84548333,128.5434778
대구광역시,달서구,신당동,35.858375,128.4991833
대구광역시,달서구,신당동,35.85405278,128.4940167
대구광역시,달서구,두류동,35.85636389,128.5560583
대구광역시,달서구,성당동,35.84296944,128.5547889
대구광역시,달서구,성당동,35.83928333,128.5494333
대구광역시,달서구,용산동,35.85994444,128.5236917
대구광역시,달서구,용산동,35.85664722,128.5224111
대구광역시,달서구,죽전동,35.85234722,128.5391694
대구광역시,달서구,신당동,35.85245833,128.4941944
대구광역시,달서구,신당동,35.85474444,128.4937389
대구광역시,달서구,성당동,35.84599722,128.5461583
대구광역시,달서구,두류동,35.85700556,128.5599306
대구광역시,달서구,상인1동,35.81761111,128.5448917
대구광역시,달서구,송현1동,35.82895,128.5569833
대구광역시,달서구,진천동,35.81080278,128.5180833
대구광역시,달서구,월성2동,35.83251111,128.5335472
대구광역시,달서구,도원동,35.79871667,128.5480694
대구광역시,달서구,송현동,35.82681944,128.5464694
대구광역시,달서구,송현동,35.83308056,128.5520556
대구광역시,달서구,감삼동,35.84872222,128.5398333
대구광역시,달서구,신당동,35.85644167,128.49655
대구광역시,달서구,성당동,35.84173056,128.5515889
대구광역시,달서구,용산동,35.85934167,128.5222694
대구광역시,달서구,용산동,35.85718889,128.5223694
대구광역시,달서구,진천동,35.81297222,128.5229139
대구광역시,달서구,월성2동,35.82801944,128.5290083
대구광역시,달서구,상인동,35.81044722,128.5481139
대구광역시,달서구,상인2동,35.8124,128.536625
대구광역시,달서구,상인동,35.81490556,128.5334333
대구광역시,달서구,상인3동,35.80865556,128.5504917
대구광역시,달서구,도원동,35.80638611,128.5499472
대구광역시,달서구,상인2동,35.8111568,128.5438142
대구광역시,달서구,송현1동,35.82633611,128.5535
대구광역시,달서구,송현동,35.82955,128.5523222
대구광역시,달서구,송현1동,35.831675,128.5539556
대구광역시,달서구,진천동,35.81035,128.5214056
대구광역시,달서구,월성동,35.82318056,128.5284361
대구광역시,달서구,진천동,35.81093056,128.5290833
대구광역시,달서구,본동,35.83605278,128.5400139
대구광역시,달서구,송현동,35.82162778,128.5514333
대구광역시,달서구,성당동,35.84934444,128.568175
대구광역시,달서구,"두류1,2동",35.85633611,128.5596333
대구광역시,달서구,두류동,35.85454722,128.5532667
대구광역시,달서구,본리동,35.83932222,128.5352694
대구광역시,달서구,감삼동,35.85176389,128.5437667
대구광역시,달서구,두류동,35.8599,128.5686667
대구광역시,달서구,성당동,35.85101944,128.5692333
대구광역시,달서구,두류동,35.85596389,128.5708333
대구광역시,달서구,용산동,35.86193333,128.5238444
대구광역시,달서구,용산동,35.86128611,128.5264472
대구광역시,달서구,장기동,35.84735,128.5290472
대구광역시,달서구,신당동,35.84605556,128.4970944
대구광역시,달서구,이곡동,35.8595,128.5134361
대구광역시,달서구,송현동,35.83493333,128.5526667
대구광역시,달서구,월성1동,35.82605833,128.5373472
대구광역시,달서구,송현동,35.82803889,128.5549
대구광역시,달서구,본리동,35.84037778,128.5297806
대구광역시,달서구,감삼동,35.84981944,128.5442222
대구광역시,달서구,본동,35.83603056,128.5394694
대구광역시,달서구,본리동,35.84047778,128.5412139
대구광역시,달서구,죽전동,35.85260833,128.5349139
대구광역시,달서구,송현동,35.83125833,128.5575222
대구광역시,달서구,송현동,35.83088056,128.5437694
대구광역시,달서구,송현2동,35.83254167,128.5453917
대구광역시,달서구,상인3동,35.81093056,128.5515139
대구광역시,달서구,진천동,35.81280278,128.5215472
대구광역시,달서구,대천동,35.81951111,128.5179278
대구광역시,달서구,두류동,35.85846944,128.5620667
대구광역시,달서구,성당동,35.84215833,128.555
대구광역시,달서구,죽전동,35.85445833,128.5357694
대구광역시,달서구,용산동,35.85806389,128.5324028
대구광역시,달서구,도원동,35.80584444,128.5355806
대구광역시,달서구,송현1동,35.82366111,128.5537778
대구광역시,달서구,상인동,35.81735278,128.5354028
대구광역시,달서구,진천동,35.812975,128.532825
대구광역시,달서구,송현1동,35.82901667,128.5521556
대구광역시,달서구,상인동,35.82416389,128.5353583
대구광역시,달서구,상인2동,35.81010278,128.5413694
대구광역시,달서구,도원동,35.804375,128.5350472
대구광역시,달서구,상인동,35.81059722,128.5350583
대구광역시,달서구,송현2동,35.83254167,128.5453917
대구광역시,달서구,송현1동,35.82355833,128.5470028
대구광역시,달서구,진천동,35.81446111,128.5293806
대구광역시,달서구,대곡동,35.80938056,128.5150833
대구광역시,달서구,진천동,35.81322222,128.5252806
대구광역시,달서구,월성동,35.8190242,128.5229352
대구광역시,달서구,상인2동,35.81483889,128.5354472
대구광역시,달서구,상인1동,35.81850556,128.5472306
대구광역시,달서구,대천동,35.8176058,128.5253095
대구광역시,달서구,진천동,35.81002222,128.5244472
대구광역시,달서구,상인2동,35.81525,128.5383139
대구광역시,달서구,대곡동,35.80828889,128.5123056
대구광역시,달서구,본동,35.83395,128.5386694
대구광역시,달서구,월성1동,35.822575,128.525825
대구광역시,달서구,송현1동,35.82704444,128.5524889
대구광역시,달서구,월성2동,35.83161944,128.5265694
대구광역시,달서구,월성2동,35.83380556,128.5301583
대구광역시,달서구,상인3동,35.81016667,128.5525972
대구광역시,달서구,상인3동,35.81451667,128.5491028
대구광역시,달서구,도원동,35.80276944,128.5359583
대구광역시,달서구,신당동,35.853075,128.4954167
대구광역시,달서구,용산2동,35.851825,128.5157028
대구광역시,달서구,본리동,35.83840556,128.5447694
대구광역시,달서구,이곡동,35.85559167,128.5016944
대구광역시,달서구,용산동,35.85947778,128.5209361
대구광역시,달서구,신당동,35.85367778,128.4996056
대구광역시,달서구,감삼동,35.85499722,128.5422556
대구광역시,달서구,이곡1동,35.85353333,128.5106028
대구광역시,달서구,장기동,35.84363889,128.5281917
대구광역시,달서구,본리동,35.83799722,128.5467667
대구광역시,달서구,장기동,35.8517,128.5225083
대구광역시,달서구,본리동,35.83970278,128.5332583
대구광역시,달서구,신당동,35.85732778,128.4968833
대구광역시,달서구,본리동,35.83855556,128.532525
대구광역시,달서구,용산2동,35.86021111,128.522525
대구광역시,달서구,감삼동,35.84813056,128.5401583
대구광역시,달서구,죽전동,35.85264722,128.5400472
대구광역시,달서구,두류3동,35.84695,128.5513444
대구광역시,달서구,이곡1동,35.85596667,128.5082694
대구광역시,달서구,성당동,35.83877222,128.5556667
대구광역시,달서구,장기동,35.847462,128.5197928
대구광역시,달서구,용산1동,35.85226944,128.5318583
대구광역시,달서구,이곡2동,35.85985278,128.5018056
대구광역시,달서구,이곡1동,35.85746389,128.5102306
대구광역시,달서구,용산2동,35.853975,128.5217
대구광역시,달서구,감삼동,35.84527222,128.5427778
대구광역시,달서구,용산1동,35.855925,128.5280028
대구광역시,달서구,신당동,35.85409167,128.4971167
대구광역시,달서구,장기동,35.84258333,128.5283583
대구광역시,달서구,두류3동,35.85474167,128.5519417
대구광역시,달서구,대천동,35.81645,128.5184833
대구광역시,달서구,대천동,35.81696944,128.5181722
대구광역시,달서구,상인동,35.81248889,128.5423361
대구광역시,달서구,월성동,35.8248127,128.5269524
대구광역시,달서구,월성동,35.83005833,128.5311806
대구광역시,달서구,도원동,35.80464722,128.535425
대구광역시,달서구,본리동,35.84241667,128.541525
대구광역시,달서구,본리동,35.83938333,128.5338806
대구광역시,달서구,장기동,35.8507882,128.5243441
대구광역시,달서구,장기동,35.84349167,128.5295028
대구광역시,달서구,파호동,35.84978333,128.4778167
대구광역시,달서구,성당동,35.84519167,128.5502889
대구광역시,달서구,용산동,35.85929722,128.5225917
대구광역시,달서구,유천동,35.81656389,128.5180722
대구광역시,달서구,죽전동,35.85497222,128.5359472
대구광역시,달서구,용산1동,35.85398056,128.5338028
대구광역시,달서구,도원동,35.79814167,128.5482472
대구광역시,달서구,송현1동,35.82519167,128.551
대구광역시,달서구,송현동,35.82778889,128.5478361
대구광역시,달서구,대곡동,35.80595556,128.5110722
대구광역시,달서구,대곡동,35.80793056,128.5156389
대구광역시,달서구,송현동,35.82818333,128.5511111
대구광역시,달서구,상인동,35.80648611,128.5521139
대구광역시,달서구,본동,35.83397222,128.5412583
대구광역시,달서구,도원동,35.8036431,128.5325276
대구광역시,달서구,본동,35.83661111,128.5393583
대구광역시,달서구,성당동,35.83801389,128.5488333
대구광역시,달서구,장기동,35.84309167,128.5158917
대구광역시,달서구,장기동,35.84757778,128.5165028
대구광역시,달서구,용산동,35.86425,128.5260139
대구광역시,달서구,두류3동,35.85565278,128.5547667
대구광역시,달서구,두류동,35.85636111,128.5632528
대구광역시,달서구,성당동,35.83774444,128.5542778
대구광역시,달서구,감삼동,35.84541389,128.5440667
대구광역시,달서구,진천동,35.81221944,128.5215694
대구광역시,달서구,진천동,35.81706111,128.5264917
대구광역시,달서구,상인동,35.81633611,128.5360583
대구광역시,달서구,상인동,35.81401389,128.535125
대구광역시,달서구,송현동,35.82894167,128.5525667
대구광역시,달서구,송현동,35.83357222,128.5551
대구광역시,달서구,본동,35.83555278,128.5302722
대구광역시,달서구,이곡동,35.86142222,128.5044472
대구광역시,달서구,죽전동,35.85808611,128.5375583
대구광역시,달서구,감삼동,35.84903889,128.5347806
대구광역시,달서구,감삼동,35.85407222,128.5430278
대구광역시,달서구,이곡동,35.85272,128.50368
대구광역시,달서구,두류동,35.857825,128.5705222
대구광역시,달서구,두류동,35.85666944,128.5659111
대구광역시,달서구,본동,35.83580278,128.5359806
대구광역시,달서구,송현1동,35.82415556,128.548225
대구광역시,달서구,송현1동,35.82597222,128.5462694
대구광역시,달서구,송현1동,35.83114722,128.5582333
대구광역시,달서구,진천동,35.81201389,128.5281139
대구광역시,달서구,진천동,35.81168333,128.5227472
대구광역시,달서구,상인2동,35.81360278,128.5400694
대구광역시,달서구,성당동,35.84626667,128.5475444
대구광역시,달서구,성당동,35.83814444,128.5569556
대구광역시,달서구,성당동,35.84851944,128.5680667
대구광역시,달서구,두류동,35.8536,128.5497667
대구광역시,달서구,두류동,35.85370833,128.5523222
대구광역시,달서구,감삼동,35.84818333,128.5325361
대구광역시,달서구,감삼동,35.85100556,128.5424667
대구광역시,달서구,감삼동,35.84478056,128.5415472
대구광역시,달서구,두류동,35.85943333,128.5722667
대구광역시,달서구,두류동,35.85775833,128.5723861
대구광역시,달서구,두류동,35.85522778,128.5679083
대구광역시,달서구,두류동,35.85905,128.5639111
대구광역시,달서구,본리동,35.84176944,128.5380028
대구광역시,달서구,성당동,35.844125,128.5488222
대구광역시,달서구,장기동,35.84887778,128.5147694
대구광역시,달서구,도원동,35.80673889,128.5488806
대구광역시,달서구,월성1동,35.823275,128.525325
대구광역시,달서구,진천동,35.80992222,128.5278028
대구광역시,달서구,월성1동,35.82231944,128.5216917
대구광역시,달서구,월암동,35.83306111,128.4998611
대구광역시,달서구,송현동,35.830971,128.55874
대구광역시,달서구,대천동,35.8174,128.5197694
대구광역시,달서구,진천동,35.80873333,128.5193722
대구광역시,달서구,상인1동,35.81953889,128.5390917
대구광역시,달서구,본동,35.83388333,128.5337139
대구광역시,달서구,상인2동,35.810725,128.5353694
대구광역시,달서구,상인2동,35.81688611,128.537225
대구광역시,달서구,진천동,35.80732778,128.5218167
대구광역시,달서구,도원동,35.80683056,128.5454472
대구광역시,달서구,진천동,35.81291944,128.5326139
대구광역시,달서구,도원동,35.80507222,128.541325
대구광역시,달서구,상인2동,35.81501667,128.5366583
대구광역시,달서구,상인1동,35.81668333,128.5472361
대구광역시,달서구,송현1동,35.82644722,128.5558333
대구광역시,달서구,본동,35.83388889,128.5345639
대구광역시,달서구,월성2동,35.83492778,128.5324361
대구광역시,달서구,월성1동,35.82418889,128.5323583
대구광역시,달서구,진천동,35.81058056,128.5316694
대구광역시,달서구,진천동,35.81421111,128.5292778
대구광역시,달서구,송현1동,35.82451389,128.5526444
대구광역시,달서구,도원동,35.807575,128.5409917
대구광역시,달서구,상인2동,35.81106667,128.5440028
대구광역시,달서구,도원동,35.80503611,128.5321806
대구광역시,달서구,도원동,35.80819167,128.5383667
대구광역시,달서구,송현1동,35.82916667,128.5536111
대구광역시,달서구,월성2동,35.83186944,128.528825
대구광역시,달서구,상인3동,35.80710278,128.5516028
대구광역시,달서구,상인3동,35.80967778,128.550075
대구광역시,달서구,상인1동,35.81517778,128.5467528
대구광역시,달서구,도원동,35.80819722,128.5334028
대구광역시,달서구,월성2동,35.82864167,128.5296028
대구광역시,달서구,도원동,35.80889722,128.5302917
대구광역시,달서구,도원동,35.80421389,128.5320472
대구광역시,달서구,진천동,35.80745278,128.5191944
대구광역시,달서구,상인1동,35.81601111,128.5490694
대구광역시,달서구,상인1동,35.81773889,128.5413139
대구광역시,달서구,본동,35.8317,128.5351917
대구광역시,달서구,상인3동,35.8129942,128.5490394
대구광역시,달서구,도원동,35.80516389,128.5376139
대구광역시,달서구,도원동,35.80561944,128.5340667
대구광역시,달서구,상인1동,35.816275,128.5423333
대구광역시,달서구,월성2동,35.82961667,128.5310806
대구광역시,달서구,상인3동,35.812275,128.5460694
대구광역시,달서구,송현1동,35.82295,128.5502694
대구광역시,달서구,도원동,35.80590833,128.5299361
대구광역시,달서구,상인1동,35.81841389,128.5433278
대구광역시,달서구,상인1동,35.81425833,128.5443583
대구광역시,달서구,월성2동,35.83314444,128.5316417
대구광역시,달서구,이곡동,35.850175,128.5129472
대구광역시,달서구,용산1동,35.85158611,128.5326472
대구광역시,달서구,감삼동,35.84547222,128.5423361
대구광역시,달서구,호산동,35.84385278,128.4881389
대구광역시,달서구,감삼동,35.84715833,128.5324806
대구광역시,달서구,성당동,35.84622222,128.5465444
대구광역시,달서구,신당동,35.85777778,128.4969944
대구광역시,달서구,장기동,35.84309444,128.5328472
대구광역시,달서구,이곡2동,35.85419167,128.5021167
대구광역시,달서구,죽전동,35.85863333,128.5358028
대구광역시,달서구,용산2동,35.85802222,128.5227361
대구광역시,달서구,장기동,35.84949167,128.5138694
대구광역시,달서구,본리동,35.83968056,128.5322694
대구광역시,달서구,본리동,35.83910278,128.5291917
대구광역시,달서구,이곡1동,35.85994444,128.5132583
대구광역시,달서구,두류동,35.85947222,128.5711556
대구광역시,달서구,두류동,35.85207222,128.5523639
대구광역시,달서구,신당동,35.85716667,128.4935389
대구광역시,달서구,이곡1동,35.85573056,128.5079694
대구광역시,달서구,성당동,35.841372,128.545333
대구광역시,달서구,용산1동,35.856375,128.5329722
대구광역시,달서구,용산2동,35.86043611,128.5236528
대구광역시,달서구,이곡1동,35.85686389,128.5125361
대구광역시,달서구,용산2동,35.86147222,128.5210083
대구광역시,달서구,용산1동,35.85989444,128.5263028
대구광역시,달서구,호산동,35.85151389,128.4836389
대구광역시,달서구,용산2동,35.85196667,128.5181472
대구광역시,달서구,신당동,35.85309167,128.4970472
대구광역시,달서구,용산1동,35.86016389,128.5287472
대구광역시,달서구,호산동,35.85121111,128.4870861
대구광역시,달서구,용산2동,35.85736111,128.5178556
대구광역시,달서구,이곡2동,35.85716111,128.5047389
대구광역시,달서구,신당동,35.86094167,128.4992722
대구광역시,달서구,용산1동,35.85398056,128.5338028
대구광역시,달서구,이곡2동,35.85766944,128.5043944
대구광역시,달서구,용산2동,35.85668611,128.5178417
대구광역시,달서구,용산2동,35.85330556,128.5177722
대구광역시,달서구,신당동,35.85843889,128.4989306
대구광역시,달서구,이곡1동,35.86180556,128.5139389
대구광역시,달서구,감삼동,35.849825,128.5456083
대구광역시,달서구,이곡2동,35.86025833,128.504725
대구광역시,달서구,이곡2동,35.852725,128.5032056
대구광역시,달서구,용산1동,35.85514722,128.5314722
대구광역시,달서구,용산1동,35.86054167,128.5290028
대구광역시,달서구,용산2동,35.85397778,128.5181861
대구광역시,달서구,용산1동,35.85634167,128.5249611
대구광역시,달서구,장기동,35.84475,128.5285361
대구광역시,달서구,장기동,35.84645556,128.5275139
대구광역시,달서구,감삼동,35.84369167,128.5442778
대구광역시,달서구,도원동,35.80635278,128.5432917
대구광역시,달서구,송현동,35.83336389,128.5472667
대구광역시,달서구,상인동,35.81538056,128.5433361
대구광역시,달서구,본동,35.83444167,128.544725
대구광역시,달서구,송현동,35.82933333,128.5443694
대구광역시,달서구,송현동,35.82304722,128.5516222
대구광역시,달서구,도원동,35.80619444,128.5317139
대구광역시,달서구,상인동,35.80717778,128.5515361
대구광역시,달서구,감삼동,35.84416667,128.540725
대구광역시,달서구,이곡동,35.85273056,128.5130917
대구광역시,달서구,호산동,35.84975833,128.4816056
대구광역시,달서구,성당동,35.84111389,128.5467444
대구광역시,달서구,이곡동,35.85646389,128.5128028
대구광역시,달서구,용산동,35.85404444,128.5317694
대구광역시,달서구,두류동,35.85372778,128.5723
대구광역시,달서구,두류동,35.85972778,128.5707444
대구광역시,달서구,두류동,35.85612222,128.5562111
대구광역시,달서구,월성동,35.83033611,128.5289028
대구광역시,달서구,월성동,35.82731389,128.5343139
대구광역시,달서구,상인3동,35.80785278,128.5546139
대구광역시,달서구,대곡동,35.80748889,128.5280472
대구광역시,달서구,도원동,35.8062,128.5436917
대구광역시,달서구,월성동,35.83121389,128.5332583
대구광역시,달서구,대천동,35.82363611,128.5134167
대구광역시,달서구,본리동,35.84146944,128.529025
대구광역시,달서구,이곡동,35.8576,128.5147694
대구광역시,달서구,이곡동,35.85774167,128.5006833
대구광역시,달서구,이곡동,35.85615833,128.5003056
대구광역시,달서구,이곡동,35.8544,128.5146806
대구광역시,달서구,호산동,35.84951944,128.4843833
대구광역시,달서구,두류동,35.85749444,128.5711889
대구광역시,달서구,성당동,35.85125833,128.5695556
대구광역시,달서구,성당동,35.84519722,128.5453556
대구광역시,달서구,성당동,35.84576389,128.5453333
대구광역시,달서구,호산동,35.85518333,128.4784611
대구광역시,달서구,상인1동,35.82483056,128.5382361
대구광역시,달서구,유천동,35.81240556,128.5161722
대구광역시,달서구,월성동,35.82825278,128.5296694
대구광역시,달서구,이곡동,35.858665,128.5005574
대구광역시,달서구,이곡동,35.85662222,128.5007722
대구광역시,달서구,대곡동,35.80651667,128.5115278
대구광역시,달서구,상인동,35.811496,128.551367
대구광역시,달서구,두류동,35.86104722,128.5705889
대구광역시,달서구,두류동,35.86149444,128.5727861
대구광역시,달서구,두류동,35.85983056,128.5732528
대구광역시,달서구,본리동,35.83991944,128.5415694
대구광역시,달서구,본리동,35.84046389,128.5290917
대구광역시,달서구,장기동,35.84652222,128.5272583
대구광역시,달서구,용산2동,35.86102222,128.5197917
대구광역시,달서구,이곡1동,35.86076111,128.5104361
대구광역시,달서구,이곡1동,35.85701111,128.5148472
대구광역시,달서구,이곡2동,35.85938333,128.5002611
대구광역시,달서구,호림동,35.83650556,128.48875
대구광역시,달서구,호림동,35.83822778,128.4787056
대구광역시,달서구,호산동,35.842518,128.488925
대구광역시,달서구,호산동,35.85254444,128.4784833
대구광역시,달서구,호산동,35.84881111,128.4833833
대구광역시,달서구,월성1동,35.82733889,128.5249806
대구광역시,달서구,월성1동,35.82407778,128.5272917
대구광역시,달서구,월성1동,35.82368333,128.5263028
대구광역시,달서구,월성2동,35.83663611,128.5243806
대구광역시,달서구,대천동,35.83436111,128.4841611
대구광역시,달서구,대천동,35.83210833,128.4871278
대구광역시,달서구,유천동,35.8147,128.5159389
대구광역시,달서구,도원동,35.80565,128.5473139
대구광역시,달서구,두류3동,35.8564,128.5582444
대구광역시,달서구,두류3동,35.85564167,128.5566333
대구광역시,달서구,본리동,35.83875556,128.5358806
대구광역시,달서구,감삼동,35.84362778,128.5388028
대구광역시,달서구,장기동,35.8440097,128.5325291
대구광역시,달서구,용산1동,35.86039722,128.530425
대구광역시,달서구,이곡1동,35.85030278,128.5142917
대구광역시,달서구,신당동,35.85754167,128.4941056
대구광역시,달서구,월성1동,35.82268611,128.5223028
대구광역시,달서구,유천동,35.8157485,128.5159497
대구광역시,달서구,대곡동,35.80737778,128.5210056
대구광역시,달서구,대곡동,35.80636389,128.5210944
대구광역시,달서구,진천동,35.809912,128.521396
대구광역시,달서구,상인1동,35.82163611,128.5310694
대구광역시,달서구,상인1동,35.81812778,128.547725
대구광역시,달서구,상인2동,35.812525,128.5405139
대구광역시,달서구,상인2동,35.814882,128.540301
대구광역시,달서구,상인3동,35.80612222,128.5511028
대구광역시,달서구,상인3동,35.811325,128.5493472
대구광역시,달서구,상인3동,35.809226,128.55021
대구광역시,달서구,송현1동,35.82372222,128.5521444
대구광역시,달서구,송현2동,35.82243611,128.5443583
대구광역시,달서구,본동,35.83516389,128.5447583
대구광역시,달서구,두류2동,35.85893889,128.5674222
대구광역시,달서구,본리동,35.8381332,128.5293503
대구광역시,달서구,본리동,35.8423473,128.5381135
대구광역시,달서구,본리동,35.838625,128.533325
대구광역시,달서구,본리동,35.838246,128.540543
대구광역시,달서구,본리동,35.838265,128.538752
대구광역시,달서구,본리동,35.83858333,128.5314583
대구광역시,달서구,본리동,35.839388,128.532203
대구광역시,달서구,감삼동,35.85371944,128.5429667
대구광역시,달서구,죽전동,35.853133,128.536627
대구광역시,달서구,장기동,35.842569,128.532997
대구광역시,달서구,장기동,35.847629,128.52129
대구광역시,달서구,용산1동,35.85492222,128.5308472
대구광역시,달서구,용산1동,35.85693056,128.5323694
대구광역시,달서구,용산2동,35.85316667,128.517925
대구광역시,달서구,용산2동,35.85701944,128.5189361
대구광역시,달서구,이곡1동,35.861284,128.512827
대구광역시,달서구,이곡1동,35.86083611,128.5126583
대구광역시,달서구,이곡1동,35.86015833,128.5130694
대구광역시,달서구,이곡1동,35.86078611,128.5086806
대구광역시,달서구,이곡1동,35.85990278,128.5099139
대구광역시,달서구,이곡1동,35.85730833,128.5113806
대구광역시,달서구,이곡1동,35.85709444,128.5090583
대구광역시,달서구,이곡1동,35.85365278,128.5151694
대구광역시,달서구,갈산동,35.84156389,128.5053278
대구광역시,달서구,신당동,35.85975,128.4985944
대구광역시,달서구,신당동,35.85110833,128.4978722
대구광역시,달서구,신당동,35.85680278,128.4973389
대구광역시,달서구,신당동,35.85824444,128.4952833
대구광역시,달서구,월성2동,35.8349768,128.5234405
대구광역시,달서구,진천동,35.81113056,128.5255694
대구광역시,달서구,대곡동,35.80621111,128.5119167
대구광역시,달서구,상인2동,35.81365833,128.538625
대구광역시,달서구,상인2동,35.81799722,128.5373917
대구광역시,달서구,도원동,35.80771111,128.5361917
대구광역시,달서구,송현1동,35.822875,128.5480806
대구광역시,달서구,송현1동,35.820331,128.551221
대구광역시,달서구,송현1동,35.830964,128.559216
대구광역시,달서구,송현1동,35.82809167,128.5565667
대구광역시,달서구,송현1동,35.83125556,128.5563889
대구광역시,달서구,송현1동,35.830234,128.556661
대구광역시,달서구,송현1동,35.82498611,128.5516222
대구광역시,달서구,송현1동,35.829817,128.553289
대구광역시,달서구,송현1동,35.82971667,128.5564111
대구광역시,달서구,송현2동,35.83058889,128.5494556
대구광역시,달서구,송현2동,35.83315556,128.5513667
대구광역시,달서구,송현2동,35.8322911,128.5486562
대구광역시,달서구,송현2동,35.834985,128.553399
대구광역시,달서구,송현2동,35.83023333,128.5459806
대구광역시,달서구,송현2동,35.83336389,128.5528444
대구광역시,달서구,송현2동,35.836275,128.5527889
대구광역시,달서구,송현2동,35.830732,128.548022
대구광역시,달서구,송현2동,35.8288591,128.5479654
대구광역시,달서구,송현2동,35.83339722,128.5452694
대구광역시,달서구,송현2동,35.82533333,128.5445361
대구광역시,달서구,본동,35.83388611,128.5366472
대구광역시,달서구,본동,35.83504722,128.5351694
대구광역시,달서구,본동,35.83658,128.541308
대구광역시,달서구,본동,35.835975,128.5376917
대구광역시,달서구,본동,35.8362201,128.5314533
대구광역시,달서구,성당동,35.843959,128.553529
대구광역시,달서구,성당동,35.838,128.5507556
대구광역시,달서구,성당동,35.84764444,128.5461111
대구광역시,달서구,성당동,35.839949,128.551461
대구광역시,달서구,성당동,35.8466068,128.5648696
대구광역시,달서구,성당동,35.85058,128.57142
대구광역시,달서구,성당동,35.8416,128.5487222
대구광역시,달서구,성당동,35.84155,128.5549667
대구광역시,달서구,성당동,35.83858056,128.5538333
대구광역시,달서구,성당동,35.84628889,128.5500667
대구광역시,달서구,성당동,35.83994167,128.5527556
대구광역시,달서구,성당동,35.8527314,128.5709083
대구광역시,달서구,성당동,35.83793611,128.5527444
대구광역시,달서구,두류1동,35.86182778,128.5725861
대구광역시,달서구,두류동,35.8611054,128.5734742
대구광역시,달서구,두류2동,35.85311389,128.5690556
대구광역시,달서구,두류2동,35.857475,128.5608778
대구광역시,달서구,두류2동,35.858367,128.564175
대구광역시,달서구,두류2동,35.85750833,128.5684778
대구광역시,달서구,용산동,35.8517801,128.5179574
대구광역시,달서구,두류3동,35.85527222,128.5526
대구광역시,달서구,두류3동,35.85598333,128.5534556
대구광역시,달서구,두류3동,35.85418611,128.5517444
대구광역시,달서구,두류3동,35.85235,128.5490889
대구광역시,달서구,두류3동,35.85371389,128.5551778
대구광역시,달서구,두류3동,35.851733,128.55333
대구광역시,달서구,본리동,35.8428534,128.5383574
대구광역시,달서구,본리동,35.839913,128.535943
대구광역시,달서구,본리동,35.841217,128.534647
대구광역시,달서구,본리동,35.840775,128.5426583
대구광역시,달서구,본리동,35.84018055,128.5333472
대구광역시,달서구,감삼동,35.84675,128.5414361
대구광역시,달서구,감삼동,35.851205,128.545979
대구광역시,달서구,감삼동,35.85065278,128.5418222
대구광역시,달서구,감삼동,35.84553889,128.5391139
대구광역시,달서구,감삼동,35.84850278,128.5431333
대구광역시,달서구,감삼동,35.850215,128.54093
대구광역시,달서구,감삼동,35.84796111,128.5422556
대구광역시,달서구,감삼동,35.84902222,128.5429556
대구광역시,달서구,감삼동,35.85461,128.540995
대구광역시,달서구,감삼동,35.8547873,128.5462192
대구광역시,달서구,용산1동,35.861525,128.5272028
대구광역시,달서구,용산1동,35.85694722,128.5315694
대구광역시,달서구,용산1동,35.85446944,128.5239472
대구광역시,달서구,용산2동,35.85886667,128.5248917
대구광역시,달서구,용산2동,35.85862222,128.5238583
대구광역시,달서구,이곡1동,35.849435,128.510493
대구광역시,달서구,호림동,35.83907778,128.49025
대구광역시,달서구,상인1동,35.82011944,128.5325472
대구광역시,달서구,송현1동,35.82299444,128.5535889
대구광역시,달서구,송현1동,35.82280556,128.5534222
대구광역시,달서구,송현1동,35.82373889,128.5477361
대구광역시,달서구,송현1동,35.82382778,128.5465583
대구광역시,달서구,송현2동,35.83312222,128.5460361
대구광역시,달서구,송현2동,35.83623333,128.5540778
대구광역시,달서구,송현2동,35.82661667,128.5452028
대구광역시,달서구,송현2동,35.82584444,128.5454806
대구광역시,달서구,송현2동,35.831367,128.550087
대구광역시,달서구,송현2동,35.828445,128.547631
대구광역시,달서구,본동,35.83475278,128.5297361
대구광역시,달서구,본동,35.83618333,128.5385806
대구광역시,달서구,본동,35.836175,128.5351361
대구광역시,달서구,본동,35.833458,128.5364999
대구광역시,달서구,본동,35.836775,128.5351806
대구광역시,달서구,유천동,35.8171484,128.5146796
대구광역시,달서구,본동,35.8359581,128.5397072
대구광역시,달서구,본리동,35.83983611,128.5325583
대구광역시,달서구,본리동,35.83846389,128.529125
대구광역시,달서구,장동,35.8410853,128.5261747
대구광역시,달서구,용산1동,35.85578056,128.5296917
대구광역시,달서구,이곡1동,35.85839722,128.5150361
대구광역시,달서구,성당동,35.852925,128.5716111
대구광역시,달서구,두류동,35.86025556,128.5734306
대구광역시,달서구,감삼동,35.84417222,128.5394806
대구광역시,달서구,장기동,35.85089167,128.5250806
대구광역시,달서구,용산동,35.86388889,128.5239917
대구광역시,달서구,상인2동,35.81480833,128.5337694
대구광역시,달서구,도원동,35.80792778,128.5351806
대구광역시,달서구,송현동,35.82751944,128.5528889
대구광역시,달서구,송현동,35.82694167,128.5539222
대구광역시,달서구,송현동,35.82706389,128.5556667
대구광역시,달서구,송현동,35.82860556,128.5602556
대구광역시,달서구,송현동,35.83141111,128.5466694
대구광역시,달서구,송현동,35.83503889,128.5494222
대구광역시,달서구,송현동,35.82962778,128.5466139
대구광역시,달서구,송현동,35.83194444,128.5500333
대구광역시,달서구,송현동,35.83275,128.5466361
대구광역시,달서구,본동,35.83654444,128.5429028
대구광역시,달서구,본동,35.835,128.5405583
대구광역시,달서구,본동,35.83480278,128.5378806
대구광역시,달서구,성당동,35.85187222,128.5716778
대구광역시,달서구,성당동,35.85171389,128.5703444
대구광역시,달서구,성당동,35.84411944,128.5517111
대구광역시,달서구,성당동,35.84575833,128.5501222
대구광역시,달서구,성당동,35.84523889,128.5468556
대구광역시,달서구,성당동,35.84575,128.5472
대구광역시,달서구,성당동,35.8392874,128.5561826
대구광역시,달서구,성당동,35.839125,128.5545778
대구광역시,달서구,성당동,35.83945,128.5521444
대구광역시,달서구,성당동,35.84525556,128.5487
대구광역시,달서구,두류동,35.8558128,128.5601567
대구광역시,달서구,두류동,35.85790278,128.5601889
대구광역시,달서구,두류동,35.8571114,128.5618881
대구광역시,달서구,두류동,35.8583,128.5624667
대구광역시,달서구,두류동,35.85630556,128.5615
대구광역시,달서구,두류동,35.86068611,128.5687556
대구광역시,달서구,두류동,35.85882778,128.5688222
대구광역시,달서구,두류동,35.858775,128.5712333
대구광역시,달서구,두류동,35.85658611,128.5725889
대구광역시,달서구,두류동,35.85411111,128.5696111
대구광역시,달서구,두류동,35.85363056,128.5701889
대구광역시,달서구,두류동,35.86122222,128.5741639
대구광역시,달서구,두류동,35.856075,128.5700444
대구광역시,달서구,두류동,35.85416944,128.5565556
대구광역시,달서구,두류동,35.85372222,128.5570778
대구광역시,달서구,두류동,35.850975,128.5528667
대구광역시,달서구,두류동,35.8547451,128.5574939
대구광역시,달서구,두류동,35.85411667,128.5497222
대구광역시,달서구,두류동,35.85478611,128.5513556
대구광역시,달서구,두류동,35.85325278,128.5529
대구광역시,달서구,본리동,35.84000278,128.5288806
대구광역시,달서구,본리동,35.84095,128.530125
대구광역시,달서구,본리동,35.83854167,128.529825
대구광역시,달서구,본리동,35.83811111,128.5468
대구광역시,달서구,본리동,35.83875,128.5430028
대구광역시,달서구,감삼동,35.84671389,128.5438667
대구광역시,달서구,감삼동,35.84619167,128.5403472
대구광역시,달서구,감삼동,35.84617778,128.5382472
대구광역시,달서구,감삼동,35.84747222,128.5311472
대구광역시,달서구,감삼동,35.84653333,128.5442222
대구광역시,달서구,감삼동,35.85183889,128.5473556
대구광역시,달서구,감삼동,35.84676111,128.5391472
대구광역시,달서구,감삼동,35.84937778,128.5423
대구광역시,달서구,감삼동,35.84835,128.5439778
대구광역시,달서구,감삼동,35.8490106,128.5392306
대구광역시,달서구,감삼동,35.85021111,128.5399917
대구광역시,달서구,죽전동,35.85676389,128.5362028
대구광역시,달서구,죽전동,35.85740556,128.5378917
대구광역시,달서구,용산동,35.85806111,128.5328806
대구광역시,달서구,갈산동,35.84253889,128.5022389
대구광역시,달서구,호림동,35.83901111,128.4909833
대구광역시,달서구,중리동,35.85766389,128.5404444
대구광역시,달서구,장기동,35.845075,128.5325361
대구광역시,달서구,성당동,35.8500351,128.5687012
대구광역시,달서구,성당동,35.84994722,128.5697
대구광역시,달서구,두류동,35.85310278,128.5730889
대구광역시,달서구,본리동,35.840025,128.5314361
대구광역시,달서구,감삼동,35.8559852,128.5449535
대구광역시,달서구,감삼동,35.85469167,128.5446889
대구광역시,달서구,감삼동,35.85448889,128.5427889
대구광역시,달서구,죽전동,35.85688333,128.535825
대구광역시,달서구,장기동,35.85005,128.5172361
대구광역시,달서구,장기동,35.84694444,128.5172028
대구광역시,달서구,장기동,35.85001944,128.5254361
대구광역시,달서구,장기동,35.84228889,128.521825
대구광역시,달서구,장기동,35.84298611,128.5238028
대구광역시,달서구,장기동,35.84421111,128.5235472
대구광역시,달서구,용산동,35.85533056,128.5252806
대구광역시,달서구,용산동,35.85211667,128.533225
대구광역시,달서구,용산동,35.85503056,128.5244583
대구광역시,달서구,이곡동,35.86235833,128.5111139
대구광역시,달서구,이곡동,35.85421389,128.5050167
대구광역시,달서구,본동,35.83365278,128.538425
대구광역시,달서구,진천동,35.80914444,128.5230694
대구광역시,달서구,대천동,35.81870833,128.51515
대구광역시,달서구,상인2동,35.81127222,128.5340139
대구광역시,달서구,송현동,35.83061389,128.5532111
대구광역시,달서구,송현동,35.82789167,128.546425
대구광역시,달서구,송현동,35.8339654,128.5474162
대구광역시,달서구,도원동,35.80670278,128.5463028
대구광역시,달서구,호산동,35.85068611,128.4876944
대구광역시,달서구,죽전동,35.852223,128.539053
대구광역시,달서구,장기동,35.849225,128.5182361
대구광역시,달서구,장기동,35.842316,128.528245
대구광역시,달서구,용산동,35.85578611,128.5287139
대구광역시,달서구,이곡동,35.8582584,128.5142706
대구광역시,달서구,이곡동,35.86198889,128.5056361
대구광역시,달서구,이곡동,35.86266111,128.5048361
대구광역시,달서구,호산동,35.852216,128.480131
대구광역시,달서구,월암동,35.82309,128.51675
대구광역시,달서구,대천동,35.819558,128.518611
대구광역시,달서구,진천동,35.810651,128.526682
대구광역시,달서구,진천동,35.809902,128.522068
대구광역시,달서구,상인동,35.8126483,128.549034
대구광역시,달서구,도원동,35.80152222,128.5498139
대구광역시,달서구,도원동,35.80583333,128.5442472
대구광역시,달서구,대곡동,35.807117,128.527968
대구광역시,달서구,송현동,35.832833,128.556258
대구광역시,달서구,송현동,35.8328433,128.552101
대구광역시,달서구,감삼동,35.84961944,128.5462556
대구광역시,달서구,장기동,35.8518645,128.5236495
대구광역시,달서구,월성동,35.82362778,128.5340583
대구광역시,달서구,본동,35.83549722,128.5337472
대구광역시,달서구,진천동,35.81564167,128.5251139
대구광역시,달서구,진천동,35.81054444,128.5186944
대구광역시,달서구,진천동,35.81139167,128.5182722
대구광역시,달서구,송현동,35.82364167,128.5521111
대구광역시,달서구,송현동,35.82316944,128.5475806
대구광역시,달서구,송현동,35.82854167,128.5438917
대구광역시,달서구,두류동,35.859013,128.573786
대구광역시,달서구,신당동,35.8582574,128.4945281
대구광역시,달서구,유천동,35.820108,128.51313
대구광역시,달서구,대곡동,35.8049092,128.5174775
대구광역시,달서구,유천동,35.8191953,128.5118127
대구광역시,달서구,두류동,35.85864722,128.5738528
대구광역시,달서구,두류동,35.85929444,128.5733972
대구광역시,달서구,두류동,35.85911389,128.5724306
대구광역시,달서구,두류동,35.86044167,128.5714972
대구광역시,달서구,두류동,35.85991667,128.5722417
대구광역시,달서구,송현동,35.83399167,128.5560556
대구광역시,달서구,송현동,35.83340833,128.5554111
대구광역시,달서구,송현동,35.83039444,128.5594444
대구광역시,달서구,송현동,35.83003889,128.5592111
대구광역시,달서구,송현동,35.82940278,128.5604
대구광역시,달서구,송현동,35.83181944,128.5582222
대구광역시,달서구,송현동,35.83186389,128.5555667
대구광역시,달서구,송현1동,35.8247749,128.5562865
대구광역시,달서구,용산1동,35.86348889,128.5261139
대구광역시,달서구,신당동,35.85771944,128.4987611
대구광역시,달서구,신당동,35.85729167,128.4984611
대구광역시,달서구,파호동,35.85274167,128.4743944
대구광역시,달서구,송현1동,35.83371667,128.5565333
대구광역시,달서구,송현1동,35.83353889,128.5571222
대구광역시,달서구,송현1동,35.83310556,128.5578778
대구광역시,달서구,송현1동,35.83252778,128.5581444
대구광역시,달서구,송현1동,35.83024444,128.5602111
대구광역시,달서구,송현1동,35.82988333,128.5582667
대구광역시,달서구,송현1동,35.82961944,128.5585111
대구광역시,달서구,송현1동,35.82935833,128.5587889
대구광역시,달서구,송현1동,35.82905278,128.5589778
대구광역시,달서구,성당동,35.84107778,128.5490444
대구광역시,달서구,성당동,35.84413333,128.5480667
대구광역시,달서구,성당동,35.84413611,128.5557667
대구광역시,달서구,성당동,35.84238889,128.5467667
대구광역시,달서구,성당동,35.846475,128.5514333
대구광역시,달서구,성당동,35.84628056,128.5451444
대구광역시,달서구,성당동,35.84402778,128.5448222
대구광역시,달서구,성당동,35.84565833,128.5518778
대구광역시,달서구,성당동,35.84037222,128.5561333
대구광역시,달서구,성당동,35.84238056,128.5531778
대구광역시,달서구,성당동,35.8424005,128.5495359
대구광역시,달서구,성당동,35.84456944,128.5545444
대구광역시,달서구,두류동,35.85513056,128.5702111
대구광역시,달서구,두류동,35.85838333,128.5670111
대구광역시,달서구,두류동,35.85856667,128.5701444
대구광역시,달서구,두류동,35.85955556,128.5735861
대구광역시,달서구,두류동,35.8551,128.5694778
대구광역시,달서구,두류동,35.85555556,128.5720222
대구광역시,달서구,두류동,35.85600833,128.5684444
대구광역시,달서구,두류동,35.85768611,128.5737861
대구광역시,달서구,두류동,35.8569335,128.5571935
대구광역시,달서구,두류동,35.85450556,128.5527333
대구광역시,달서구,두류동,35.84766389,128.5514333
대구광역시,달서구,두류동,35.85412778,128.5505889
대구광역시,달서구,두류동,35.85286667,128.5529333
대구광역시,달서구,본리동,35.84075,128.541425
대구광역시,달서구,본리동,35.84141111,128.5297472
대구광역시,달서구,본리동,35.84124722,128.5333361
대구광역시,달서구,감삼동,35.84893333,128.5435
대구광역시,달서구,감삼동,35.8444604,128.5352708
대구광역시,달서구,감삼동,35.848025,128.5415472
대구광역시,달서구,감삼동,35.8512089,128.5436845
대구광역시,달서구,감삼동,35.847375,128.5407472
대구광역시,달서구,감삼동,35.84900833,128.5407806
대구광역시,달서구,감삼동,35.84827222,128.5377472
대구광역시,달서구,죽전동,35.85368611,128.5396583
대구광역시,달서구,죽전동,35.85141944,128.5357028
대구광역시,달서구,죽전동,35.85145,128.5343806
대구광역시,달서구,죽전동,35.85205,128.5355139
대구광역시,달서구,죽전동,35.85768889,128.5332472
대구광역시,달서구,감삼동,35.85461111,128.5470444
대구광역시,달서구,죽전동,35.85113889,128.5380694
대구광역시,달서구,감삼동,35.8551823,128.5477195
대구광역시,달서구,죽전동,35.85371667,128.5404667
대구광역시,달서구,죽전동,35.85631389,128.5340139
대구광역시,달서구,장동,35.83860833,128.5165361
대구광역시,달서구,장동,35.83724167,128.5165583
대구광역시,달서구,장기동,35.84702222,128.5201361
대구광역시,달서구,장기동,35.84913889,128.5166472
대구광역시,달서구,장기동,35.84844167,128.519025
대구광역시,달서구,용산동,35.85245556,128.5330694
대구광역시,달서구,용산1동,35.85886944,128.5330583
대구광역시,달서구,용산동,35.85815278,128.5300028
대구광역시,달서구,용산동,35.85504444,128.5257917
대구광역시,달서구,용산동,35.85186667,128.5281583
대구광역시,달서구,죽전동,35.85088889,128.5336806
대구광역시,달서구,용산동,35.85564722,128.5340139
대구광역시,달서구,장기동,35.85117222,128.5237028
대구광역시,달서구,용산동,35.85053333,128.5303361
대구광역시,달서구,용산동,35.85714167,128.5202694
대구광역시,달서구,용산동,35.85528611,128.5179806
대구광역시,달서구,용산동,35.85504167,128.5213806
대구광역시,달서구,용산동,35.85689722,128.5215694
대구광역시,달서구,이곡동,35.85729722,128.5127694
대구광역시,달서구,이곡동,35.85265833,128.5111583
대구광역시,달서구,이곡동,35.8595,128.513425
대구광역시,달서구,이곡동,35.86095833,128.5019389
대구광역시,달서구,이곡동,35.85964444,128.5022722
대구광역시,달서구,이곡동,35.86094444,128.5029167
대구광역시,달서구,호산동,35.85135,128.4821611
대구광역시,달서구,호산동,35.854825,128.4772722
대구광역시,달서구,호산동,35.85075556,128.4853722
대구광역시,달서구,파호동,35.85206389,128.4761722
대구광역시,달서구,신당동,35.855025,128.4940167
대구광역시,달서구,호산동,35.854025,128.4789278
대구광역시,달서구,호림동,35.83558611,128.4904056
대구광역시,달서구,호림동,35.83828889,128.4916611
대구광역시,달서구,신당동,35.8599761,128.4992151
대구광역시,달서구,파호동,35.85293611,128.4778278
대구광역시,달서구,신당동,35.86066667,128.4998389
대구광역시,달서구,호산동,35.85010556,128.4872611
대구광역시,달서구,신당동,35.86176111,128.4989278
대구광역시,달서구,대천동,35.81788889,128.5194472
대구광역시,달서구,대천동,35.8191654,128.5225084
대구광역시,달서구,월성동,35.8269192,128.5214353
대구광역시,달서구,월성1동,35.82722222,128.5203139
대구광역시,달서구,월성동,35.81908333,128.5275917
대구광역시,달서구,월암동,35.82765556,128.5096167
대구광역시,달서구,월성동,35.83591111,128.5278361
대구광역시,달서구,월성동,35.83450833,128.5267806
대구광역시,달서구,월성동,35.82724722,128.5310583
대구광역시,달서구,진천동,35.81072778,128.5243806
대구광역시,달서구,진천동,35.80853611,128.5229917
대구광역시,달서구,진천동,35.80851111,128.5237139
대구광역시,달서구,진천동,35.81469722,128.5229583
대구광역시,달서구,진천동,35.81485278,128.5252361
대구광역시,달서구,유천동,35.81733333,128.50985
대구광역시,달서구,대곡동,35.7998003,128.5289428
대구광역시,달서구,진천동,35.81384444,128.5262694
대구광역시,달서구,진천동,35.81133611,128.5318694
대구광역시,달서구,진천동,35.808725,128.5238806
대구광역시,달서구,진천동,35.8127,128.520725
대구광역시,달서구,진천동,35.80938056,128.5246583
대구광역시,달서구,진천동,35.80990556,128.5192056
대구광역시,달서구,진천동,35.81244444,128.5291806
대구광역시,달서구,대곡동,35.80626667,128.5199833
대구광역시,달서구,진천동,35.81028889,128.5223139
대구광역시,달서구,진천동,35.81504444,128.5241472
대구광역시,달서구,진천동,35.81221389,128.5191833
대구광역시,달서구,대곡동,35.80950833,128.5156167
대구광역시,달서구,대곡동,35.8054207,128.5112061
대구광역시,달서구,진천동,35.81699444,128.5270028
대구광역시,달서구,진천동,35.81260278,128.5310028
대구광역시,달서구,상인동,35.815925,128.544525
대구광역시,달서구,상인동,35.818331,128.5342489
대구광역시,달서구,상인동,35.81500556,128.5478694
대구광역시,달서구,상인동,35.81328333,128.5355917
대구광역시,달서구,상인동,35.81421667,128.5317694
대구광역시,달서구,상인동,35.81100833,128.5370694
대구광역시,달서구,상인동,35.8157723,128.5342453
대구광역시,달서구,상인동,35.81740833,128.5361917
대구광역시,달서구,상인동,35.81424722,128.5399694
대구광역시,달서구,상인동,35.81816667,128.5377917
대구광역시,달서구,상인동,35.8140153,128.5403602
대구광역시,달서구,상인동,35.81743056,128.5383472
대구광역시,달서구,상인동,35.81553333,128.5362917
대구광역시,달서구,상인동,35.81497778,128.539825
대구광역시,달서구,상인동,35.81386389,128.5377917
대구광역시,달서구,상인동,35.81066111,128.5427806
대구광역시,달서구,상인동,35.81553611,128.5390917
대구광역시,달서구,상인동,35.81146667,128.5332139
대구광역시,달서구,상인동,35.81290556,128.5466694
대구광역시,달서구,상인동,35.81141111,128.5474028
대구광역시,달서구,도원동,35.79084167,128.5461472
대구광역시,달서구,도원동,35.80623611,128.5486806
대구광역시,달서구,도원동,35.80772222,128.5457917
대구광역시,달서구,송현동,35.83053889,128.5522778
대구광역시,달서구,송현동,35.83010278,128.5599444
대구광역시,달서구,송현동,35.82779167,128.55
대구광역시,달서구,송현동,35.82625278,128.5507556
대구광역시,달서구,송현동,35.83239444,128.5549556
대구광역시,달서구,송현동,35.82861667,128.5506889
대구광역시,달서구,송현동,35.8277,128.5523556
대구광역시,달서구,송현동,35.8283881,128.5545367
대구광역시,달서구,송현동,35.82906111,128.5558
대구광역시,달서구,송현동,35.82999722,128.5542222
대구광역시,달서구,송현동,35.82864444,128.5554667
대구광역시,달서구,송현동,35.82806111,128.5473028
대구광역시,달서구,송현동,35.83445833,128.5500778
대구광역시,달서구,송현동,35.83236111,128.5506667
대구광역시,달서구,송현동,35.82898056,128.5468028
대구광역시,달서구,송현동,35.82665833,128.5432028
대구광역시,달서구,송현동,35.82910833,128.5491333
대구광역시,달서구,본동,35.83455556,128.5391583
대구광역시,달서구,본동,35.83421111,128.5357028
대구광역시,달서구,본동,35.83493889,128.5412806
대구광역시,달서구,죽전동,35.85806667,128.536325
대구광역시,달서구,대곡동,35.80705556,128.5251472
대구광역시,달서구,두류동,35.85910833,128.5667111
대구광역시,달서구,용산동,35.85865556,128.5253139
대구광역시,달서구,용산동,35.85886944,128.5253694
대구광역시,달서구,이곡동,35.85522222,128.5111806
대구광역시,달서구,이곡동,35.84977222,128.5083583
대구광역시,달서구,상인동,35.8182134,128.5402636
대구광역시,달서구,상인동,35.81481944,128.5365806
대구광역시,달서구,상인동,35.81185278,128.5380361
대구광역시,달서구,상인동,35.81240556,128.5349139
대구광역시,달서구,두류동,35.85821111,128.5698
대구광역시,달서구,송현동,35.82718611,128.5510667
대구광역시,달서구,본리동,35.83958611,128.5301917
대구광역시,달서구,용산동,35.85633056,128.5319361
대구광역시,달서구,용산동,35.85566111,128.5323806
대구광역시,달서구,송현동,35.8342996,128.5539426
대구광역시,달서구,성당동,35.84321667,128.5538556
대구광역시,달서구,성당동,35.84045,128.5549111
대구광역시,달서구,성당동,35.84096944,128.5560556
대구광역시,달서구,성당동,35.83788333,128.5531556
대구광역시,달서구,성당동,35.839109,128.555077
대구광역시,달서구,두류동,35.856403,128.562733
대구광역시,달서구,두류동,35.85718056,128.5734194
대구광역시,달서구,두류동,35.85951389,128.5647778
대구광역시,달서구,두류동,35.85512222,128.5581667
대구광역시,달서구,두류동,35.85566111,128.5519556
대구광역시,달서구,두류동,35.85426111,128.5529444
대구광역시,달서구,본리동,35.83928333,128.5394361
대구광역시,달서구,감삼동,35.849034,128.541216
대구광역시,달서구,감삼동,35.85268333,128.5461889
대구광역시,달서구,죽전동,35.85200556,128.5363028
대구광역시,달서구,장기동,35.84346944,128.5282917
대구광역시,달서구,장기동,35.845175,128.5307028
대구광역시,달서구,용산동,35.852544,128.533738
대구광역시,달서구,용산동,35.857931,128.525689
대구광역시,달서구,용산동,35.85332222,128.5237361
대구광역시,달서구,용산동,35.86234722,128.5215917
대구광역시,달서구,용산동,35.86251667,128.5206472
대구광역시,달서구,용산동,35.86093611,128.5202139
대구광역시,달서구,용산동,35.85936667,128.5241694
대구광역시,달서구,용산동,35.85916944,128.5221806
대구광역시,달서구,용산동,35.853575,128.5215361
대구광역시,달서구,용산동,35.8559,128.5220028
대구광역시,달서구,이곡동,35.8602009,128.5139907
대구광역시,달서구,이곡동,35.85629,128.509995
대구광역시,달서구,이곡동,35.8526,128.5049389
대구광역시,달서구,호산동,35.85287222,128.4798167
대구광역시,달서구,호산동,35.8506726,128.4826921
대구광역시,달서구,호산동,35.85006389,128.4837611
대구광역시,달서구,신당동,35.85621944,128.4956389
대구광역시,달서구,신당동,35.85768333,128.4976278
대구광역시,달서구,파호동,35.85251667,128.4775389
대구광역시,달서구,월성동,35.82131111,128.5271472
대구광역시,달서구,대천동,35.816925,128.5213028
대구광역시,달서구,월성동,35.81949722,128.5253361
대구광역시,달서구,월성동,35.82238889,128.5247361
대구광역시,달서구,월성동,35.822596,128.523116
대구광역시,달서구,월성동,35.82338,128.527693
대구광역시,달서구,진천동,35.8151868,128.5286012
대구광역시,달서구,진천동,35.815471,128.527223
대구광역시,달서구,진천동,35.80951944,128.5256583
대구광역시,달서구,진천동,35.81219722,128.5261361
대구광역시,달서구,진천동,35.81010278,128.5205833
대구광역시,달서구,진천동,35.81213056,128.52075
대구광역시,달서구,진천동,35.81676667,128.5249583
대구광역시,달서구,유천동,35.81590278,128.5193167
대구광역시,달서구,진천동,35.80908056,128.5215167
대구광역시,달서구,상인동,35.81370556,128.5458361
대구광역시,달서구,상인동,35.81812778,128.5393583
대구광역시,달서구,상인동,35.81018056,128.5365472
대구광역시,달서구,상인동,35.81501944,128.535725
대구광역시,달서구,상인동,35.81320556,128.5332139
대구광역시,달서구,상인동,35.80857222,128.5438361
대구광역시,달서구,상인동,35.81618333,128.5373917
대구광역시,달서구,상인동,35.81371111,128.536925
대구광역시,달서구,상인동,35.81459444,128.5344806
대구광역시,달서구,상인동,35.816075,128.5344028
대구광역시,달서구,상인동,35.814675,128.5392917
대구광역시,달서구,상인동,35.80728611,128.5580333
대구광역시,달서구,상인동,35.8088245,128.5517574
대구광역시,달서구,도원동,35.80610556,128.5328694
대구광역시,달서구,도원동,35.8047549,128.5449955
대구광역시,달서구,송현동,35.83203611,128.5535889
대구광역시,달서구,송현동,35.83014722,128.5472694
대구광역시,달서구,송현동,35.83505278,128.5506889
대구광역시,달서구,송현동,35.82835278,128.5485139
대구광역시,달서구,본동,35.83508611,128.5359583
대구광역시,달서구,진천동,35.808211,128.520303
대구광역시,달서구,진천동,35.807904,128.520338
대구광역시,달서구,이곡1동,35.85701111,128.5148472
대구광역시,달서구,이곡1동,35.85701111,128.5148472
대구광역시,달서구,이곡동,35.8544,128.5146806
대구광역시,달서구,두류동,35.85267222,128.5729
대구광역시,달서구,두류동,35.85418056,128.5539778
대구광역시,달서구,본리동,35.83863889,128.5339361
대구광역시,달서구,용산1동,35.85597778,128.5257917
대구광역시,달서구,이곡1동,35.85716667,128.5100472
대구광역시,달서구,이곡2동,35.85734722,128.4999722
대구광역시,달서구,신당동,35.8484,128.4791167
대구광역시,달서구,신당동,35.85355833,128.4953722
대구광역시,달서구,송현동,35.83438333,128.5509778
대구광역시,달서구,월성1동,35.82292222,128.5207694
대구광역시,달서구,월성1동,35.82305833,128.5284361
대구광역시,달서구,월성1동,35.820575,128.5251806
대구광역시,달서구,진천동,35.81677778,128.530525
대구광역시,달서구,진천동,35.81694722,128.5297694
대구광역시,달서구,유천동,35.81801667,128.5144056
대구광역시,달서구,유천동,35.81616389,128.5170611
대구광역시,달서구,진천동,35.81201111,128.5202056
대구광역시,달서구,진천동,35.81092222,128.5268028
대구광역시,달서구,진천동,35.81648611,128.5206472
대구광역시,달서구,상인1동,35.82438889,128.5361917
대구광역시,달서구,상인1동,35.82133611,128.5326028
대구광역시,달서구,도원동,35.80294167,128.5359806
대구광역시,달서구,본동,35.83384722,128.5466361
대구광역시,달서구,신당동,35.85273889,128.4950611
대구광역시,달서구,신당동,35.85264444,128.4924944
대구광역시,달서구,신당동,35.85504444,128.4950833
대구광역시,달서구,신당동,35.85504167,128.4925944
대구광역시,달서구,신당동,35.85200278,128.4928833
대구광역시,달서구,신당동,35.857125,128.4948167
대구광역시,달서구,신당동,35.85701667,128.4933389
대구광역시,달서구,신당동,35.858875,128.4925944
대구광역시,달서구,신당동,35.85575833,128.4940722
대구광역시,달서구,신당동,35.854075,128.4932833
대구광역시,달서구,신당동,35.85334444,128.4932278
대구광역시,달서구,신당동,35.85210833,128.49435
대구광역시,달서구,성당동,35.84104722,128.5517889
대구광역시,달서구,성당동,35.842775,128.5501111
대구광역시,달서구,두류동,35.85476111,128.5702667
대구광역시,달서구,감삼동,35.84725556,128.5411028
대구광역시,달서구,이곡동,35.84939167,128.5114583
대구광역시,달서구,이곡동,35.85067778,128.5099917
대구광역시,달서구,성당동,35.84203611,128.5542778
대구광역시,달서구,상인동,35.81254444,128.5369472
대구광역시,달서구,상인동,35.81242222,128.5376139
대구광역시,달서구,송현동,35.829024,128.5462018
대구광역시,달서구,용산동,35.85889444,128.5239806
대구광역시,달서구,용산동,35.85861944,128.5238917
대구광역시,달서구,상인2동,35.81608333,128.5384694
대구광역시,달서구,상인2동,35.81586944,128.5381583
대구광역시,달서구,송현2동,35.82761389,128.545125
대구광역시,달서구,대곡동,35.80848889,128.5127389
대구광역시,달서구,감삼동,35.84937778,128.5423
대구광역시,달서구,대곡동,35.80803333,128.5181944
대구광역시,달서구,대곡동,35.80479167,128.5189167
대구광역시,달서구,상인1동,35.8192215,128.5428399
대구광역시,달서구,송현2동,35.83590556,128.5552
대구광역시,달서구,본리동,35.842125,128.5384806
대구광역시,달서구,성당동,35.84039167,128.5520778
대구광역시,달서구,성당동,35.843525,128.5490444
대구광역시,달서구,성당동,35.83865833,128.5500667
대구광역시,달서구,"두류1,2동",35.86066944,128.571375
대구광역시,달서구,"두류1,2동",35.85662778,128.5692556
대구광역시,달서구,두류3동,35.85288889,128.5524667
대구광역시,달서구,죽전동,35.85373056,128.5383694
대구광역시,달서구,장기동,35.85173333,128.5243472
대구광역시,달서구,용산1동,35.86136389,128.5326361
대구광역시,달서구,용산2동,35.857175,128.5219139
대구광역시,달서구,장기동,35.85110556,128.5207694
대구광역시,달서구,갈산동,35.84740833,128.5085611
대구광역시,달서구,갈산동,35.84544722,128.5086056
대구광역시,달서구,이곡2동,35.85965278,128.5052028
대구광역시,달서구,신당동,35.86045556,128.4962944
대구광역시,달서구,파호동,35.85353889,128.4733944
대구광역시,달서구,장동,35.84115556,128.5125139
대구광역시,달서구,본리동,35.8403903,128.5425974
대구광역시,달서구,장기동,35.84170278,128.5282917
대구광역시,달서구,용산2동,35.86275833,128.5189139
대구광역시,달서구,신당동,35.85876111,128.4979278
대구광역시,달서구,월성2동,35.83200833,128.5316917
대구광역시,달서구,대곡동,35.791525,128.5307806
대구광역시,달서구,대곡동,35.7956966,128.5277496
대구광역시,달서구,대곡동,35.8028264,128.5314468
대구광역시,달서구,대곡동,35.80591667,128.5294806
대구광역시,달서구,대곡동,35.80739722,128.5106611
대구광역시,달서구,대곡동,35.7959,128.5285583
대구광역시,달서구,대곡동,35.79415278,128.5289583
대구광역시,달서구,대곡동,35.8008753,128.5331954
대구광역시,달서구,대곡동,35.803825,128.5296028
대구광역시,달서구,대곡동,35.7999498,128.5332591
대구광역시,달서구,진천동,35.81497778,128.5304694
대구광역시,달서구,유천동,35.813675,128.5076722
대구광역시,달서구,진천동,35.81080278,128.5175056
대구광역시,달서구,상인3동,35.81256111,128.5477917
대구광역시,달서구,상인3동,35.80942222,128.5543472
대구광역시,달서구,도원동,35.79566389,128.5484028
대구광역시,달서구,도원동,35.8039148,128.5495781
대구광역시,달서구,도원동,35.8072,128.5470917
대구광역시,달서구,도원동,35.80777778,128.5473917
대구광역시,달서구,송현1동,35.82576944,128.5554111
대구광역시,달서구,송현1동,35.82787222,128.5535444
대구광역시,달서구,송현1동,35.82850278,128.5591667
대구광역시,달서구,송현2동,35.83271111,128.5493778
대구광역시,달서구,송현2동,35.83268333,128.5513444
대구광역시,달서구,본동,35.83204167,128.538325
대구광역시,달서구,본동,35.83579722,128.5289028
대구광역시,달서구,월암동,35.8320636,128.4951643
대구광역시,달서구,신당동,35.85664167,128.49745
대구광역시,달서구,신당동,35.85721111,128.4962722
대구광역시,달서구,신당동,35.85703611,128.4980611
대구광역시,달서구,신당동,35.85697222,128.4986833
대구광역시,달서구,진천동,35.81263889,128.5266694
대구광역시,달서구,진천동,35.81181111,128.5263583
대구광역시,달서구,진천동,35.80987222,128.5274028
대구광역시,달서구,진천동,35.81106944,128.5293694
대구광역시,달서구,진천동,35.81157778,128.5298028
대구광역시,달서구,진천동,35.81434444,128.5277806
대구광역시,달서구,진천동,35.81515278,128.5292472
대구광역시,달서구,상인2동,35.81075,128.5374806
대구광역시,달서구,상인2동,35.81269167,128.5381361
대구광역시,달서구,상인2동,35.81440833,128.5377694
대구광역시,달서구,상인2동,35.813925,128.5371917
대구광역시,달서구,상인2동,35.81461944,128.5357583
대구광역시,달서구,상인2동,35.81564167,128.5350583
대구광역시,달서구,상인2동,35.81625,128.5338139
대구광역시,달서구,상인2동,35.816575,128.536425
대구광역시,달서구,상인2동,35.81779444,128.5383806
대구광역시,달서구,상인2동,35.81703611,128.5383806
대구광역시,달서구,송현1동,35.824825,128.5471028
대구광역시,달서구,송현1동,35.825025,128.5486139
대구광역시,달서구,송현1동,35.82659444,128.5509778
대구광역시,달서구,송현1동,35.82321111,128.548325
대구광역시,달서구,송현1동,35.82438611,128.546725
대구광역시,달서구,송현1동,35.82496389,128.5496028
대구광역시,달서구,신당동,35.8566086,128.4961843
대구광역시,달서구,신당동,35.85644167,128.4982278
대구광역시,달서구,"두류1,2동",35.85998889,128.5700889
대구광역시,달서구,이곡1동,35.855275,128.5081806
대구광역시,달서구,상인2동,35.817861,128.5369819
대구광역시,달서구,상인2동,35.81708056,128.537725
대구광역시,달서구,송현1동,35.82818333,128.5595667
대구광역시,달서구,본동,35.83666389,128.5320472
대구광역시,달서구,신당동,35.8555,128.4921611
대구광역시,달서구,송현1동,35.82737222,128.5578556
대구광역시,달서구,대천동,35.81619444,128.5223583
대구광역시,달서구,용산2동,35.85404167,128.5214583
대구광역시,달서구,장기동,35.84793,128.521136
대구광역시,달서구,감삼동,35.84606389,128.5423361
대구광역시,달서구,죽전동,35.85739444,128.5384139
대구광역시,달서구,이곡2동,35.85646667,128.5045944
대구광역시,달서구,성당동,35.83951944,128.5519
대구광역시,달서구,"두류1,2동",35.85678611,128.5636778
대구광역시,달서구,"두류1,2동",35.856725,128.5732194
대구광역시,달서구,두류3동,35.85324167,128.5542667
대구광역시,달서구,본리동,35.84031111,128.539125
대구광역시,달서구,감삼동,35.84934167,128.5410856
대구광역시,달서구,감삼동,35.85085833,128.5471556
대구광역시,달서구,죽전동,35.85553333,128.5367361
대구광역시,달서구,용산1동,35.84970278,128.526825
대구광역시,달서구,용산2동,35.86131667,128.521225
대구광역시,달서구,이곡1동,35.85605833,128.5089917
대구광역시,달서구,이곡2동,35.85250556,128.5008611
대구광역시,달서구,이곡2동,35.85250556,128.5008611
대구광역시,달서구,파호동,35.85348056,128.47375
대구광역시,달서구,파호동,35.85348056,128.47375
대구광역시,달서구,신당동,35.85706111,128.4937389
대구광역시,달서구,신당동,35.85706111,128.4937389
대구광역시,달서구,호산동,35.8562649,128.4778852
대구광역시,달서구,월성1동,35.81834444,128.5268361
대구광역시,달서구,월암동,35.83432778,128.4966722
대구광역시,달서구,대곡동,35.7971303,128.5285114
대구광역시,달서구,진천동,35.81035556,128.5313361
대구광역시,달서구,상인1동,35.81697222,128.5483361
대구광역시,달서구,상인2동,35.81089167,128.5413806
대구광역시,달서구,도원동,35.806825,128.5459472
대구광역시,달서구,송현1동,35.82248333,128.5487694
대구광역시,달서구,송현2동,35.8300127,128.5486307
대구광역시,달서구,송현2동,35.83225833,128.5438028
대구광역시,달서구,상인3동,35.80865556,128.5504917
대구광역시,달서구,이곡동,35.85727778,128.5142139
대구광역시,달서구,두류동,35.86145278,128.5719306
대구광역시,달서구,월성동,35.8240888,128.5211202
대구광역시,달서구,진천동,35.81044167,128.5289917
대구광역시,달서구,장기동,35.84987222,128.516625
대구광역시,달서구,장기동,35.84959611,128.5184028
대구광역시,달서구,장기동,35.84891389,128.5196917
대구광역시,달서구,장기동,35.84906944,128.5204694
대구광역시,달서구,장기동,35.84832222,128.5215361
대구광역시,달서구,장기동,35.84781667,128.5200917
대구광역시,달서구,장기동,35.84759722,128.5182028
대구광역시,달서구,장기동,35.848375,128.5172139
대구광역시,달서구,도원동,35.8055569,128.5467681
대구광역시,달서구,도원동,35.8055569,128.5467681
대구광역시,달서구,본동,35.83176667,128.5350583
대구광역시,달서구,본동,35.83176667,128.5350583
대구광역시,달서구,장기동,35.84666111,128.5244694
대구광역시,달서구,장기동,35.84666111,128.5244694
대구광역시,달서구,장기동,35.84666111,128.5244694
대구광역시,달서구,두류동,35.8526,128.5695444
대구광역시,달서구,두류동,35.8526,128.5695444
대구광역시,달서구,두류동,35.8526,128.5695444
대구광역시,달서구,송현1동,35.82415556,128.548225
대구광역시,달서구,송현동,35.82933333,128.5443694
대구광역시,달서구,송현동,35.82933333,128.5443694
대구광역시,달서구,용산동,35.85404444,128.5317694
대구광역시,달서구,용산동,35.85404444,128.5317694
대구광역시,달서구,성당동,35.84622222,128.5465444
대구광역시,달서구,본동,35.83545833,128.5320472
대구광역시,달서구,본리동,35.83977778,128.5467778
대구광역시,달서구,감삼동,35.84981944,128.5442222
대구광역시,달서구,장기동,35.84508056,128.532425
대구광역시,달서구,용산동,35.86086389,128.5306028
대구광역시,달서구,용산동,35.85719167,128.518025
대구광역시,달서구,용산동,35.85246944,128.5178806
대구광역시,달서구,이곡동,35.85101389,128.5137028
대구광역시,달서구,호산동,35.84861389,128.4780833
대구광역시,달서구,신당동,35.853075,128.4954167
대구광역시,달서구,월성동,35.82898611,128.5221694
대구광역시,달서구,월성동,35.8291094,128.521751
대구광역시,달서구,진천동,35.81322222,128.5252806
대구광역시,달서구,유천동,35.81201667,128.5111833
대구광역시,달서구,상인1동,35.81774167,128.546125
대구광역시,달서구,상인3동,35.81093056,128.5515139
대구광역시,달서구,도원동,35.8041,128.535625
대구광역시,달서구,도원동,35.80786111,128.5316694
대구광역시,달서구,"두류1,2동",35.85333056,128.5712667
대구광역시,달서구,"두류1,2동",35.85563889,128.5674222
대구광역시,달서구,"두류1,2동",35.855475,128.5688556
대구광역시,달서구,호산동,35.85478889,128.4780167
대구광역시,달서구,호산동,35.85478889,128.4780167
대구광역시,달서구,호산동,35.85587222,128.4787167
대구광역시,달서구,호산동,35.85587222,128.4787167
대구광역시,달서구,호산동,35.85587222,128.4787167
대구광역시,달서구,호산동,35.854225,128.4780056
대구광역시,달서구,호산동,35.854225,128.4780056
대구광역시,달서구,호산동,35.85518333,128.4784611
대구광역시,달서구,호산동,35.85518333,128.4784611
대구광역시,달서구,호산동,35.85635556,128.4791611
대구광역시,달서구,도원동,35.80771667,128.544725
대구광역시,달서구,도원동,35.80771667,128.544725
대구광역시,달서구,도원동,35.80771667,128.544725
대구광역시,달서구,도원동,35.80699722,128.5432028
대구광역시,달서구,도원동,35.80699722,128.5432028
대구광역시,달서구,도원동,35.80699722,128.5432028
대구광역시,달서구,도원동,35.80635278,128.5432917
대구광역시,달서구,도원동,35.80705833,128.5441583
대구광역시,달서구,도원동,35.80705833,128.5441583
대구광역시,달서구,도원동,35.8070103,128.5452353
대구광역시,달서구,도원동,35.8070103,128.5452353
대구광역시,달서구,진천동,35.80992222,128.5278028
대구광역시,달서구,도원동,35.80464722,128.535425
대구광역시,달서구,본동,35.83444167,128.544725
대구광역시,달서구,본동,35.83661111,128.5393583
대구광역시,달서구,본동,35.83661111,128.5393583
대구광역시,달서구,대천동,35.81696944,128.5181722
대구광역시,달서구,성당동,35.84519167,128.5502889
대구광역시,달서구,진천동,35.81706111,128.5264917
대구광역시,달서구,진천동,35.81706111,128.5264917
대구광역시,달서구,대곡동,35.798982,128.5288753
대구광역시,달서구,상인1동,35.81953889,128.5390917
대구광역시,달서구,파호동,35.85274167,128.4743944
대구광역시,달서구,파호동,35.85274167,128.4743944
대구광역시,달서구,상인동,35.80648611,128.5521139
대구광역시,달서구,감삼동,35.85407222,128.5430278
대구광역시,달서구,장기동,35.8507882,128.5243441
대구광역시,달서구,본리동,35.84241667,128.541525
대구광역시,달서구,장기동,35.84309167,128.5158917
대구광역시,달서구,장기동,35.84309167,128.5158917
대구광역시,달서구,장기동,35.84887778,128.5147694
대구광역시,달서구,두류동,35.8536,128.5497667
대구광역시,달서구,두류동,35.8536,128.5497667
대구광역시,달서구,성당동,35.84519722,128.5453556
대구광역시,달서구,성당동,35.84519722,128.5453556
대구광역시,달서구,본동,35.83397222,128.5412583
대구광역시,달서구,본동,35.83397222,128.5412583
대구광역시,달서구,대곡동,35.80651667,128.5115278
대구광역시,달서구,신당동,35.85596389,128.4981944
대구광역시,달서구,신당동,35.85596389,128.4981944
대구광역시,달서구,용산동,35.8559,128.5220028
대구광역시,달서구,감삼동,35.854425,128.5456444
대구광역시,달서구,감삼동,35.854425,128.5456444
대구광역시,달서구,본리동,35.84081944,128.5430917
대구광역시,달서구,본동,35.83382,128.54341
대구광역시,달서구,본동,35.83382,128.54341
대구광역시,달서구,장기동,35.847462,128.5197928
대구광역시,달서구,장기동,35.8472965,128.5223132
대구광역시,달서구,장기동,35.8472965,128.5223132
대구광역시,달서구,장기동,35.8472965,128.5223132
대구광역시,달서구,상인3동,35.8094152,128.5489994
대구광역시,달서구,상인3동,35.8094152,128.5489994
대구광역시,달서구,송현1동,35.8217574,128.54978
대구광역시,달서구,송현1동,35.8217574,128.54978
대구광역시,달서구,송현1동,35.8217574,128.54978
대구광역시,달서구,송현1동,35.8217574,128.54978
대구광역시,달서구,장기동,35.8480116,128.5285944
대구광역시,달서구,장기동,35.8480116,128.5285944
대구광역시,달서구,감삼동,35.8557371,128.5436585
대구광역시,달서구,감삼동,35.8557371,128.5436585
대구광역시,달서구,감삼동,35.8557371,128.5436585
대구광역시,달서구,감삼동,35.8557371,128.5436585
대구광역시,달서구,"두류1,2동",35.8581605,128.5738409
대구광역시,달서구,"두류1,2동",35.8581605,128.5738409
대구광역시,달서구,이곡2동,35.8619196,128.5065559
대구광역시,달서구,이곡2동,35.8619196,128.5065559
대구광역시,달서구,용산2동,35.8620662,128.5248691
대구광역시,달서구,용산2동,35.8620662,128.5248691
대구광역시,달서구,이곡1동,35.8567372,128.5089109
대구광역시,달서구,이곡1동,35.8567372,128.5089109
대구광역시,달서구,월암동,35.8317374,128.4956471
대구광역시,달서구,월암동,35.8317374,128.4956471
대구광역시,달서구,월암동,35.8244051,128.5207738
대구광역시,달서구,월암동,35.8244051,128.5207738
대구광역시,달서구,월암동,35.8244051,128.5207738
대구광역시,달서구,송현2동,35.8270339,128.5447697
대구광역시,달서구,송현2동,35.8270339,128.5447697
대구광역시,달서구,송현2동,35.8270339,128.5447697
대구광역시,달서구,죽전동,35.8567124,128.5366062
대구광역시,달서구,죽전동,35.8567124,128.5366062
대구광역시,달서구,죽전동,35.8567124,128.5366062
대구광역시,달서구,죽전동,35.8567124,128.5366062
대구광역시,달서구,두류3동,35.8548387,128.557981
대구광역시,달서구,두류3동,35.8548387,128.557981
대구광역시,달서구,"두류1,2동",35.857945,128.5720338
대구광역시,달서구,"두류1,2동",35.857945,128.5720338
대구광역시,달서구,"두류1,2동",35.8553021,128.5732331
대구광역시,달서구,"두류1,2동",35.8553021,128.5732331
대구광역시,달서구,"두류1,2동",35.8553021,128.5732331
대구광역시,달서구,"두류1,2동",35.8553021,128.5732331
대구광역시,동구,신암동,35.886807,128.636074
대구광역시,동구,검사동,35.888123,128.651215
대구광역시,동구,검사동,35.888123,128.651215
대구광역시,동구,신암동,35.881455,128.61675
대구광역시,동구,신천동,35.876082,128.629233
대구광역시,동구,신암동,35.883835,128.625462
대구광역시,동구,율하동,35.912633,128.686217
대구광역시,동구,신기동,35.912633,128.686217
대구광역시,동구,검사동,35.887756,128.650791
대구광역시,동구,신암동,35.886042,128.634208
